56	Nicoline.Cook	pbkdf2:sha256:150000$Bqr7Z54d$aedc88331687e0917ca20a124512765af018416a0c16a48ef57dcde8d5803260	Nicoline	Cook	3	1	5	081184-41903	nicoline.cook@datapstrade.lv	21114914	default.png
68	Wilie.Peterson	pbkdf2:sha256:150000$h3lK5ozx$d3434192efd4f00569f35f39aab602649a77d66f7da98b57b72255bdf97b28bd	Wilie	Peterson	3	1	3	240688-44199	wilie.peterson@datapstrade.lv	27959612	default.png
99	Rici.Diaz	pbkdf2:sha256:150000$yv0OwRU9$3755e422af99e5e0b2bedf57ab03b79dc80880edda3e004da5c776d18329333c	Rici	Diaz	3	1	4	171297-05822	rici.diaz@datapstrade.lv	29483072	default.png
142	Danyelle.Burns	pbkdf2:sha256:150000$7UoFzG1s$53d4dcc24f41420625214bebdb61947368db9c5912f2a3c558e9e75f03bb0d2f	Danyelle	Burns	3	1	5	250296-85742	danyelle.burns@datapstrade.lv	21863410	default.png
169	Bliss.Matthews	pbkdf2:sha256:150000$9PAfaJaI$aff6c8bb9c18687066763783d64b697bca6ea95680edcf8b9c7f3828e6cec029	Bliss	Matthews	2	1	4	140794-94749	bliss.matthews@datapstrade.lv	25302992	default.png
36	Fanni.Adams	pbkdf2:sha256:150000$0ynP2MmR$8775abc789be7b4f653938e930e6df4718d5fac54c03385ede6b1b52beea5440	Fanni	Adams	3	2	2	050387-42231	fanni.adams@datapstrade.lv	21070551	default.png
101	Lynett.Myers	pbkdf2:sha256:150000$XmBSXUbg$f008320664af6667072b72eb59ab57269b644c9db42f93bc6035844954b04f0c	Lynett	Myers	3	2	3	050587-76273	lynett.myers@datapstrade.lv	21688938	default.png
136	Neala.Morales	pbkdf2:sha256:150000$UafGHqLK$36067ac07fde809ce024bd525fee829cf26b53b92c560a255f4763932b287ffc	Neala	Morales	3	2	3	101192-43636	neala.morales@datapstrade.lv	22032751	default.png
163	Lisha.Spencer	pbkdf2:sha256:150000$0EGEZD9Z$51d2236d07a163f17451ea1438f290552fddb0b035ed513f4fddd7a344e4ca54	Lisha	Spencer	3	2	3	050499-83166	lisha.spencer@datapstrade.lv	25008035	default.png
189	Isabelita.Carpenter	pbkdf2:sha256:150000$QakxHpkc$303963fe7a345c60e423486661c4aafa772dbf5e24d34c989eea5cfdbd4ef0cc	Isabelita	Carpenter	2	2	3	150693-70673	isabelita.carpenter@datapstrade.lv	26417923	default.png
62	Kerrill.Cooper	pbkdf2:sha256:150000$gVQ1YXeu$c4aa8eab14ebf2d026b9c732175e27b85240db86737f564cb15e1853bf3d7f83	Kerrill	Cooper	3	3	2	230389-17597	kerrill.cooper@datapstrade.lv	29830359	default.png
77	Deb.Bennett	pbkdf2:sha256:150000$Nhc0tTIe$43098a24e86898cd4f4bb141498673dd9eb01c73f36efdd5cf5a0f9fe2a53970	Deb	Bennett	3	3	2	130990-09161	deb.bennett@datapstrade.lv	25916570	default.png
107	Pammi.Woods	pbkdf2:sha256:150000$1aiUf60L$fbd34b7438c9e321933ecace5bdfc25a6e0653f66e5c8da393b5ba2533a2a1d0	Pammi	Woods	3	3	2	101096-05402	pammi.woods@datapstrade.lv	28475022	default.png
149	Ariela.Black	pbkdf2:sha256:150000$wpHf971Q$3333410f6d77d0efc10c7bbe0e44d26c1609cbe2206ed4044d5c847929951329	Ariela	Black	3	3	2	070692-50663	ariela.black@datapstrade.lv	21684620	default.png
164	Kristal.Gardner	pbkdf2:sha256:150000$6c6TIWew$88a48d9d5de7701f6f8e93f2d4c921a3c956f721b74068ce10a56e13259e1ba7	Kristal	Gardner	2	3	2	040500-08045	kristal.gardner@datapstrade.lv	27534707	default.png
34	Katya.Scott	pbkdf2:sha256:150000$57vnN2LW$7b692bef508bc58a4f1e278bf5900b91419098050ee95e71b707eeca91b3c7fe	Katya	Scott	3	4	1	130783-47961	katya.scott@datapstrade.lv	23339973	default.png
60	Sharla.Bailey	pbkdf2:sha256:150000$64UcmAze$d24c3f0070e4bfe701b2ede2a74f66658841d1101c027a176b2dbb90efde7688	Sharla	Bailey	3	4	1	240885-37882	sharla.bailey@datapstrade.lv	22745680	default.png
86	Dorree.Long	pbkdf2:sha256:150000$uKhA5Un7$c1a2e54620a0befd153f08e3e212681739a23edfc47e22ff08c502e79d03a190	Dorree	Long	3	4	1	090184-44128	dorree.long@datapstrade.lv	25115364	default.png
126	Zia.Simpson	pbkdf2:sha256:150000$YhYsuGcx$868338626cfdd4bc2ad84c847112b51c26357fcac803a6f48492c6c25bbd3991	Zia	Simpson	3	4	1	250784-62886	zia.simpson@datapstrade.lv	23197498	default.png
182	Kailey.Lane	pbkdf2:sha256:150000$QFXgcFJv$55024955ba2b2ddd052905a71090233b57565a2d880d456e3fa86e2b890368d0	Kailey	Lane	2	4	2	150883-29914	kailey.lane@datapstrade.lv	26970244	default.png
144	Pansy.Shaw	pbkdf2:sha256:150000$EcKZpE0u$dcc5e80797a87ff628fedc032de3963023920ae5b018604b3983f44b008bd33a	Pansy	Shaw	3	5	1	040180-45517	pansy.shaw@datapstrade.lv	28754995	default.png
190	Cissiee.Weaver	pbkdf2:sha256:150000$qZ8oofQW$26f1ad7927361d3f1182182226cae662497e7734271356fc204c71ffb1714d6d	Cissiee	Weaver	3	5	1	231189-43108	cissiee.weaver@datapstrade.lv	29414744	default.png
193	Lilian.Elliott	pbkdf2:sha256:150000$mNUKOjb0$262398b8522ae5cfa8869acfe96d03a72c2db307317dbeaab3395b6657d2d313	Lilian	Elliott	3	5	1	190600-71417	lilian.elliott@datapstrade.lv	28093424	default.png
198	Guglielma.Kelley	pbkdf2:sha256:150000$Su2WjTCl$5390778eaa57279b34565f9b33b603732faa988deb37181fc3d7f41c1fc81f41	Guglielma	Kelley	2	5	1	080284-71958	guglielma.kelley@datapstrade.lv	26471738	default.png
153	Evangelia.Nichols	pbkdf2:sha256:150000$znDWTFxb$792f0e2f9a47e78cafc970ef60c6048bed194a175fe7fffc50275dfca1b05c28	Evangelia	Nichols	3	6	1	160997-78874	evangelia.nichols@datapstrade.lv	25432822	default.png
154	Zarah.Grant	pbkdf2:sha256:150000$BbSxdgb9$b37788dc81b122777d7df79d3c16b8f55c45b52b61fe5a334220d9053865f6b2	Zarah	Grant	3	6	1	130188-35752	zarah.grant@datapstrade.lv	26968839	default.png
168	Karon.Berry	pbkdf2:sha256:150000$XM4ujErw$77b6467403b9398b5c107042c261522de9ebdf6a6b5fbbec6ccb86d64ca5a815	Karon	Berry	3	6	1	160393-22908	karon.berry@datapstrade.lv	21784912	default.png
184	Adey.Ruiz	pbkdf2:sha256:150000$KUZL5dfm$400e7f736930770413c62ec7e12539177cd4a9428b1e4dae2b3de2eeb6c0a764	Adey	Ruiz	3	6	1	080880-55012	adey.ruiz@datapstrade.lv	26775724	default.png
188	Nadia.Armstrong	pbkdf2:sha256:150000$fJj0GMsJ$4e0d6edb1bb27549bd05425f67f32f94d8505dc061e1d34b1fa112b72be44e02	Nadia	Armstrong	2	6	1	220985-92143	nadia.armstrong@datapstrade.lv	22834868	default.png
127	Yelena.Stevens	pbkdf2:sha256:150000$xxNJutil$fa6a07478d223585a82dee0a45c26fe28acbb592285ba5a8753c656c7c29da1e	Yelena	Stevens	3	7	1	060793-73683	yelena.stevens@datapstrade.lv	27161903	default.png
131	Leora.Hicks	pbkdf2:sha256:150000$4zuOE1HL$acdbed3cd0b72fc353dc769100362b2c0cdf8f43ebeb12257afca0218538f17b	Leora	Hicks	3	7	1	200584-39705	leora.hicks@datapstrade.lv	26960568	default.png
134	Betteann.Boyd	pbkdf2:sha256:150000$wIyMqLlr$80b7fdffb44bbdec38252c2ee9b53250fe51633e4ea72e7d4b5421c406cf154f	Betteann	Boyd	3	7	1	100384-12163	betteann.boyd@datapstrade.lv	29626631	default.png
137	Joey.Kennedy	pbkdf2:sha256:150000$zPQ5RR98$fa299910016b1f7727e6ca00abf4710782acaeb2b9f980f340896124f534a598	Joey	Kennedy	3	7	1	261294-32604	joey.kennedy@datapstrade.lv	29171845	default.png
143	Helen.Gordon	pbkdf2:sha256:150000$pQVNlmwg$08f7bb9baafc27497f6a212a5010335ceac03f1a70b7a51d558d582628a0ca23	Helen	Gordon	2	7	1	040582-52435	helen.gordon@datapstrade.lv	27747169	default.png
104	Faustine.Graham	pbkdf2:sha256:150000$MSyzkY3E$8feda5ad44be95ad4022e768ba2c262704544f707f8d686aafd6af52286bf7ed	Faustine	Graham	3	8	1	130891-73836	faustine.graham@datapstrade.lv	27111377	default.png
106	Klara.Wallace	pbkdf2:sha256:150000$LyBCC5Ka$f84f1f9d8427b26d3ec8e9e87104bab085a1adf836f3040ad1ab3720f33e6b83	Klara	Wallace	3	8	1	251297-42177	klara.wallace@datapstrade.lv	23387499	default.png
108	Leticia.Cole	pbkdf2:sha256:150000$hsX8Z9Jr$755855fe28887dae946e38ef0dba7747a829f99b30c4dde44366194c30481bfb	Leticia	Cole	3	8	1	240585-80914	leticia.cole@datapstrade.lv	22324877	default.png
118	Melosa.Cruz	pbkdf2:sha256:150000$WVuHBIBI$d24b4e8e55e968d1cdd178d7cb90fea300581c467b5f96226c650046de2c6280	Melosa	Cruz	3	8	1	100489-32297	melosa.cruz@datapstrade.lv	25131917	default.png
123	Jeannie.Freeman	pbkdf2:sha256:150000$rt0ieNRC$e158ce3f7528d41022773fd3587cea2e0632d2cad9de1a8a7801ac9758d97d09	Jeannie	Freeman	2	8	1	151094-23579	jeannie.freeman@datapstrade.lv	27247728	default.png
63	Deina.Richardson	pbkdf2:sha256:150000$tfKfmiC8$2dceca45a24ac990fb986e0c5f86f2c902dd687832e419b88e9b576a14778138	Deina	Richardson	3	9	1	131296-28414	deina.richardson@datapstrade.lv	24412627	default.png
64	Sophey.Cox	pbkdf2:sha256:150000$MhrcbNDi$d77195ec3c0f63df6b8d14d03f4be645f9f92de61c3b638aa1c9fe7995c70ed2	Sophey	Cox	3	9	1	100800-80013	sophey.cox@datapstrade.lv	23452474	default.png
76	Sibeal.Price	pbkdf2:sha256:150000$G0IWi7V2$2d71c4eb9002d5b0ef82b74c303be777103c2ce137cbfabf1268b2a39b8b81fd	Sibeal	Price	3	9	1	081082-08637	sibeal.price@datapstrade.lv	21600620	default.png
79	Bryana.Barnes	pbkdf2:sha256:150000$PWAROB01$8e84e2602ca78a30f1e9203b03fafa9c70ed4a4750e7acec99ad680aaac32df9	Bryana	Barnes	3	9	1	180992-61313	bryana.barnes@datapstrade.lv	24724984	default.png
82	Jere.Coleman	pbkdf2:sha256:150000$Q3sBDaxQ$186411cc359cebda1345d91d5b34e2052ac2eed3bcd801baedcb81ebbdb88543	Jere	Coleman	2	9	1	030895-51876	jere.coleman@datapstrade.lv	28722018	default.png
35	Tildie.Green	pbkdf2:sha256:150000$wK8WdzKi$57fea6c52ac4e7c8e8f359d928f159332587812fa246d1bf8b709828533f5b60	Tildie	Green	3	10	1	100785-11689	tildie.green@datapstrade.lv	28458435	default.png
39	Katrinka.Nelson	pbkdf2:sha256:150000$hoPyQtfZ$e3213e7a11d3f2a7be2377da9edd722668efe2b3f7fc31865c2f602adfbbdc31	Katrinka	Nelson	3	10	1	180688-54185	katrinka.nelson@datapstrade.lv	24369019	default.png
40	Annelise.Carter	pbkdf2:sha256:150000$OAfFLKyA$251a83c633fcaa24928ed8d73e2e53e8c9487912c04e645bd74a984bfccf3823	Annelise	Carter	3	10	1	070995-17203	annelise.carter@datapstrade.lv	23796530	default.png
50	Daveta.Collins	pbkdf2:sha256:150000$ymdaVmUl$385924e3bb9e0601c3694e53cb846db6f8933547cd5257436ecec5c4b65134d8	Daveta	Collins	3	10	1	020783-13057	daveta.collins@datapstrade.lv	26862702	default.png
57	Lissie.Morgan	pbkdf2:sha256:150000$JtzbhrTV$197ef0cf07ec4a1e0c05f5804b1fe489a6c3bbb3d6a5617ef55ec66eeef4846b	Lissie	Morgan	2	10	1	091199-76956	lissie.morgan@datapstrade.lv	25507505	default.png
13	Mufinella.Jackson	pbkdf2:sha256:150000$AjPKojL1$304711735627934dddc3e5409361ac5f18bce6faa22b8df920345aadcfdc6705	Mufinella	Jackson	3	11	1	100197-60868	mufinella.jackson@datapstrade.lv	27149832	default.png
15	Orelee.Harris	pbkdf2:sha256:150000$Vp91OB3D$5ebd55c480932db7643e15a1558800932e82c4a5a1b09ce8948a9487248853d3	Orelee	Harris	3	11	1	231084-37511	orelee.harris@datapstrade.lv	27967578	default.png
18	Dot.Garcia	pbkdf2:sha256:150000$qK52IYtm$319851944f13878dd8778f988e9f72b5aba84b0c849c28af007377a788c6119a	Dot	Garcia	3	11	1	061187-04668	dot.garcia@datapstrade.lv	26975131	default.png
19	Leonanie.Martinez	pbkdf2:sha256:150000$isD8EoJ0$f57e8a8e24e86745cc85fe08d7c594847762b82549c2582cfff32ec33fb57fff	Leonanie	Martinez	3	11	1	280483-44894	leonanie.martinez@datapstrade.lv	21828260	default.png
25	Tamarah.Walker	pbkdf2:sha256:150000$PeYxRejJ$03b8f3bebdbf191490310cb46ff02af000651a9efbd4b6fb03cc3257779bc8a1	Tamarah	Walker	2	11	1	270283-01675	tamarah.walker@datapstrade.lv	26893226	default.png
4	Doralynne.Jones	pbkdf2:sha256:150000$GjZbgGFd$41c7164fa2e8f3db692889ee1f9ff09986e7518e8fbef0cae3be6abb33e529f3	Doralynne	Jones	3	12	1	060897-90471	doralynne.jones@datapstrade.lv	25536666	default.png
7	Joete.Miller	pbkdf2:sha256:150000$7mof30Qz$120824b5f4be6d0a0c7812e20a0e5609af39774045574c5c41b6c77f06ea9152	Joete	Miller	3	12	1	040389-14542	joete.miller@datapstrade.lv	21998406	default.png
183	Norean.Andrews	pbkdf2:sha256:150000$3SRGXnbE$1a2eaea89543318c591d296ebfac4d9a2c12fa1a186c82232eb710d8b22e76e3	Norean	Andrews	3	12	2	130593-24075	norean.andrews@datapstrade.lv	28774525	default.png
187	Valencia.Riley	pbkdf2:sha256:150000$LeRgM6IX$db08c43b078f68a05d9b61e4afec9fb31da159ae69d66d94f51ec350043c6374	Valencia	Riley	3	12	2	130680-91731	valencia.riley@datapstrade.lv	25907086	default.png
196	Roselin.Austin	pbkdf2:sha256:150000$xEuMqeAh$644da9ee62f2c7d726cba09f6cdd35e2fbd5aa766f7bdb2a7bed40d45267762f	Roselin	Austin	2	12	2	180395-87111	roselin.austin@datapstrade.lv	26305818	default.png
173	Roda.Ray	pbkdf2:sha256:150000$FTgZKKkg$9d3d08c38100246cab124e6b8dc04f1e93a42d293bdc95570c00474ed074eaa5	Roda	Ray	3	13	2	210597-62247	roda.ray@datapstrade.lv	24438558	default.png
175	Othelia.Olson	pbkdf2:sha256:150000$kbHH2TFp$7fc5ef55537d3375cace26ca51d7749c301a6c929383985c0e9ea2f76294aa39	Othelia	Olson	3	13	2	110582-81625	othelia.olson@datapstrade.lv	24989833	default.png
178	Halli.Snyder	pbkdf2:sha256:150000$jy6MBaVi$4b8b15e7011216714ada27b174f6a1ec55598ce005b8839c60a7c28dd1f71e61	Halli	Snyder	3	13	2	200696-24949	halli.snyder@datapstrade.lv	23309061	default.png
179	Collete.Hart	pbkdf2:sha256:150000$AWnU0ixp$4716e31d26820617c14d1e41f5b081f29ccb71c715125b948343c61c55e484fd	Collete	Hart	3	13	2	090495-64341	collete.hart@datapstrade.lv	21078753	default.png
181	Torie.Bradley	pbkdf2:sha256:150000$kZT9RtxP$836f00d75047f9439243bccbe2ef4cdf3da2ad1541fe236437e482b14aab914e	Torie	Bradley	2	13	2	030291-50276	torie.bradley@datapstrade.lv	27809341	default.png
151	Mina.Palmer	pbkdf2:sha256:150000$27yzq2jv$2fa60627e10384734517d3628b483b6235e42b8183db92a793aba03153a994e6	Mina	Palmer	3	14	2	040791-18728	mina.palmer@datapstrade.lv	24730154	default.png
156	Trixi.Ferguson	pbkdf2:sha256:150000$5LMIsiIT$393f4aa130655e6cadfa79d823389fac33c5c003a6535d522b53a972c21483d5	Trixi	Ferguson	3	14	2	201085-18389	trixi.ferguson@datapstrade.lv	21396537	default.png
159	Kerry.Hawkins	pbkdf2:sha256:150000$O1OK9vL7$18b16cc1492999c2a952c661014f696b4b1ca305e5a96dabee399ac79462fac8	Kerry	Hawkins	3	14	2	221287-82587	kerry.hawkins@datapstrade.lv	26222263	default.png
161	Glynda.Perkins	pbkdf2:sha256:150000$Yu75nz0t$624fb6bfb17a5c54c1c7f9c4e089f7d6ef594ed9c21d9b5bcd5377d9c4420e89	Glynda	Perkins	3	14	2	180885-81503	glynda.perkins@datapstrade.lv	27240540	default.png
162	Nettle.Hudson	pbkdf2:sha256:150000$cIOSKs2Y$1e3b160e4af61c18392a3813af8db1734a7de4e4620e5fd58ca217b8e6e8b4f6	Nettle	Hudson	2	14	2	270486-17594	nettle.hudson@datapstrade.lv	22904399	default.png
112	Kelsey.Reynolds	pbkdf2:sha256:150000$w5x0UtQI$92439395c7e2bd34e3fe8d202c6fa60c0975087a445368189254fc891eaefdd2	Kelsey	Reynolds	3	15	2	060381-57578	kelsey.reynolds@datapstrade.lv	25292323	default.png
117	Juditha.Mcdonald	pbkdf2:sha256:150000$4U5aungV$af5c970e0c6cc54fc7cca4dfa559d2cfed83d97f146d24ccfbfec4b00277602e	Juditha	Mcdonald	3	15	2	100789-73591	juditha.mcdonald@datapstrade.lv	26609514	default.png
128	Maribel.Tucker	pbkdf2:sha256:150000$8cOUwunu$bacc39680e3577f2bdfd46134849736c6349c9e40681d9111c5a2f57cb22a223	Maribel	Tucker	3	15	2	030480-80735	maribel.tucker@datapstrade.lv	25259033	default.png
135	Aleece.Mason	pbkdf2:sha256:150000$uf4O6Z6p$ad15e04878c79c921e134b9806891ae1e9ce37636bfba65fe80c6cd3aa266be8	Aleece	Mason	3	15	2	240899-42221	aleece.mason@datapstrade.lv	21285953	default.png
140	Trix.Ramos	pbkdf2:sha256:150000$y8yCPvhL$2c890cb1414b87251e32941f539c6e2672f599304ecd893f8a91fabb86943393	Trix	Ramos	2	15	2	280399-30722	trix.ramos@datapstrade.lv	29770854	default.png
85	Jeanine.Powell	pbkdf2:sha256:150000$33SjHt6q$baeb5bf480ebdc20aae18569f445f4891e7ff9d770dbe1c03062b89312f88d6e	Jeanine	Powell	3	16	2	090186-52913	jeanine.powell@datapstrade.lv	28628342	default.png
87	Madel.Patterson	pbkdf2:sha256:150000$balPD8oE$4f5d03a402ae804c143f8bf1a934b0bcebe8a929b4c3c1717780387398d6209d	Madel	Patterson	3	16	2	050988-97136	madel.patterson@datapstrade.lv	23131327	default.png
88	Caitrin.Hughes	pbkdf2:sha256:150000$OKwfOa6B$239c1e87966d4841e6f80335cc644cc92a84f47cc30c857ab034519e93d6e99a	Caitrin	Hughes	3	16	2	191281-36586	caitrin.hughes@datapstrade.lv	26270669	default.png
89	Candis.Flores	pbkdf2:sha256:150000$KhuO5O9F$f5c2fa69554f3cf9fb4fc287ff9b4609387f2549befc309045c786750c087dbc	Candis	Flores	3	16	2	060786-02101	candis.flores@datapstrade.lv	28269465	default.png
93	Vicky.Foster	pbkdf2:sha256:150000$Hx2sj3HM$44c0a636ce8592d35ea323df3988a825fe2a58b674d8e51175ba02d17626862b	Vicky	Foster	2	16	2	200282-96536	vicky.foster@datapstrade.lv	26884730	default.png
69	Giana.Gray	pbkdf2:sha256:150000$VgDxv57U$6e324e2f8f7260c5b701ee659961f6c0905e1115ca3e80f561aaace840819a1f	Giana	Gray	3	17	2	041284-78772	giana.gray@datapstrade.lv	24895869	default.png
72	Ranice.Watson	pbkdf2:sha256:150000$IOoEPs90$ef4de5e42f15f0df71049ab5ef7e8b4bf0d23ec229181ce51ea7657af22f2c81	Ranice	Watson	3	17	2	200198-42414	ranice.watson@datapstrade.lv	22738937	default.png
73	Janene.Brooks	pbkdf2:sha256:150000$d3o84H5O$49b2db337b63222da49e13d39f296b4bfea96569019132d0da75eefd256fec73	Janene	Brooks	3	17	2	060295-65149	janene.brooks@datapstrade.lv	27376642	default.png
74	Libbey.Kelly	pbkdf2:sha256:150000$Jh5ySY2S$825c1bf014691fe946d6daaf453b9fcd0a0f9e7d7ecb502bbae7371f8f3e8623	Libbey	Kelly	3	17	2	171296-25763	libbey.kelly@datapstrade.lv	25372972	default.png
75	Carina.Sanders	pbkdf2:sha256:150000$btNVwUVR$be446da9d8a674f7c17683763f0e1965d1093fc2662bfdc7218aa859e61567b1	Carina	Sanders	2	17	2	241295-37986	carina.sanders@datapstrade.lv	24544308	default.png
46	Ginny.Campbell	pbkdf2:sha256:150000$vbvkw64r$3ab44e04aecd59bced04c48f60ed1d2dd59ebe6ef48ebef59d3acc5f109abeac	Ginny	Campbell	3	18	2	030298-82411	ginny.campbell@datapstrade.lv	23893703	default.png
49	Anne-Corinne.Edwards	pbkdf2:sha256:150000$MpIL7g00$6609b5f6b635c13e295566b4c66e5b07a18535e0e8bba0b121a7558b1d0018e2	Anne-Corinne	Edwards	3	18	2	170494-23893	anne-corinne.edwards@datapstrade.lv	24793068	default.png
51	Geri.Stewart	pbkdf2:sha256:150000$HtqEoOWN$67258b305858170eccd4f45bde606fcb76ffbaf111f7405cc017472a4c404f6b	Geri	Stewart	3	18	2	051082-06555	geri.stewart@datapstrade.lv	29400221	default.png
61	Ethelind.Rivera	pbkdf2:sha256:150000$XUH0qT9G$9cee0073d74d9d289eb719c3f1bc5e0a7bc55dfb312be2a493a199d4c512b6c2	Ethelind	Rivera	3	18	2	190382-90467	ethelind.rivera@datapstrade.lv	28727645	default.png
67	Tildy.Torres	pbkdf2:sha256:150000$NF2LJJfv$b73b20b9b3ae59719524e7954ce7662f1ad1cc193a6155a4e722e2b8b774e37f	Tildy	Torres	2	18	2	100293-38576	tildy.torres@datapstrade.lv	28567554	default.png
8	Josy.Wilson	pbkdf2:sha256:150000$WcCCWYJK$efeb3c9e20f9ecfc8a407495728d1b1b4f1cb224f2c9478e6f152b8b5bcb1bdd	Josy	Wilson	3	19	2	120694-56083	josy.wilson@datapstrade.lv	26835346	default.png
20	Beth.Robinson	pbkdf2:sha256:150000$oqJ3XkgP$9ad5a337ebb6a2571cc2caa32ace10ea4cc15218b23bf256324ff6bc37c13106	Beth	Robinson	3	19	2	180295-17241	beth.robinson@datapstrade.lv	21608928	default.png
29	Layla.Hernandez	pbkdf2:sha256:150000$mfH7JIlD$d035b3678c7cf34ff3629fea3e28d9fd762d579566c7d3a760937add12ae42a1	Layla	Hernandez	3	19	2	180289-53346	layla.hernandez@datapstrade.lv	25649711	default.png
30	Glori.King	pbkdf2:sha256:150000$7YWObbyp$cd91236752c70179b04a91cb81f59dd8987b39b5b5363ae0a319b89ec186a1bd	Glori	King	3	19	2	130299-09756	glori.king@datapstrade.lv	25786146	default.png
32	Audra.Lopez	pbkdf2:sha256:150000$eRjqDAG2$7d5a7dd17d474df7408b41b5d0a5bd72c3bf19a9012dfa355ad0279f0ffd013a	Audra	Lopez	2	19	2	030192-10748	audra.lopez@datapstrade.lv	21982871	default.png
3	David.Bowie	pbkdf2:sha256:150000$NZFafnLN$e0c0c8f6abe38b6aac6ffc76f6c11db9e583b267d940936dc06df053e656a138	David	Bowie	3	20	2	230788-26295	david.bowie@datapstrade.lv	22659700	default.png
5	Tallia.Brown	pbkdf2:sha256:150000$UWQBCawi$c104dcf40338f0ec7ed432647b45c4a12399f393cbe01916e5a8da93ad39a92c	Tallia	Brown	3	20	2	240592-97273	tallia.brown@datapstrade.lv	29411160	default.png
41	Trudie.Mitchell	pbkdf2:sha256:150000$jLfFy5cx$390bde2c2165283ba5be62a11b4c83f46efebd3851a5172f6d2b26e00ddfa8b4	Trudie	Mitchell	3	20	3	080796-25793	trudie.mitchell@datapstrade.lv	25092104	default.png
191	Wanids.Greene	pbkdf2:sha256:150000$czatXph4$1549639c3559842abee8d15b8c41a39a5665ad42692040e63760e67b6a4910cd	Wanids	Greene	3	20	3	020288-15401	wanids.greene@datapstrade.lv	27163518	default.png
197	Celestia.Peters	pbkdf2:sha256:150000$g5FNIXJd$59bee6a0366c7dac8aed721da8d75f1510def32e07a25172d920fdde9f49a488	Celestia	Peters	2	20	3	040888-24154	celestia.peters@datapstrade.lv	27927218	default.png
167	Giulietta.Pierce	pbkdf2:sha256:150000$0BGvcwgm$a8347ded3e1fdb597bce1a646c83e7eae5ead3ac2c8e5239615663fa0b7458b4	Giulietta	Pierce	3	21	3	230492-36306	giulietta.pierce@datapstrade.lv	22862429	default.png
171	Rosanne.Wagner	pbkdf2:sha256:150000$QRSQRU0F$9a5f9221c11527648eb04bd3c7f8f6ecb4ba7e549949593b3ff8acfa881bc320	Rosanne	Wagner	3	21	3	051298-39672	rosanne.wagner@datapstrade.lv	24322200	default.png
176	Wendie.Carroll	pbkdf2:sha256:150000$vZ0baBXG$1dd38d33a733f69feaf69eb0ba1b62904338f60e7fbcc6f764bf920a3ccf6732	Wendie	Carroll	3	21	3	070197-46357	wendie.carroll@datapstrade.lv	22192613	default.png
177	Albertine.Duncan	pbkdf2:sha256:150000$J4GEmh0Y$25301a98679c47d9cad4805953c72b2d344ffaf7824642b23cbb517bf86ae5f7	Albertine	Duncan	3	21	3	200387-95345	albertine.duncan@datapstrade.lv	27459117	default.png
186	Starlin.Fox	pbkdf2:sha256:150000$F4rY7dV8$1d329cdc7434545a16452e58917473d1808fc7e764a28701c44283415a347e5b	Starlin	Fox	2	21	3	211085-37141	starlin.fox@datapstrade.lv	26413836	default.png
139	Maryl.Dixon	pbkdf2:sha256:150000$V8KRyaY9$6f0d05c105db6f6735adbc06bafcf71bc583e00aa0c5e8330b8ea364e87682b7	Maryl	Dixon	3	22	3	021294-12327	maryl.dixon@datapstrade.lv	21337902	default.png
141	Dyanne.Reyes	pbkdf2:sha256:150000$5tI9lAKN$742ed5b0743522c927585cd841c0d3230362a8202ce1a0f38cede3f21c8cb52d	Dyanne	Reyes	3	22	3	080183-70213	dyanne.reyes@datapstrade.lv	28889897	default.png
146	Arliene.Rice	pbkdf2:sha256:150000$qfKPtR5p$0cd673c1c3ae35b3a7983dbdec9e53b5cea1088eedb95a71c8fd71b29c5af8b4	Arliene	Rice	3	22	3	190291-15199	arliene.rice@datapstrade.lv	24122508	default.png
152	Laraine.Mills	pbkdf2:sha256:150000$iiIEAYg8$dd2030a173c08c92251d04f4f576be4e61f08a8df2e4a8ca052fbf9e850e560b	Laraine	Mills	3	22	3	130288-55516	laraine.mills@datapstrade.lv	21087000	default.png
160	Hendrika.Dunn	pbkdf2:sha256:150000$JrEcAmf7$d8e5380415373a537bd6925223c75da74e05143475cc55a31d581a39c357f0f0	Hendrika	Dunn	2	22	3	030992-72646	hendrika.dunn@datapstrade.lv	23678215	default.png
105	Ninon.Sullivan	pbkdf2:sha256:150000$bBLpeB4g$8f747c17faa4d5b05c86c2aff27abc2b6adfb6ea5ef3dc808853f743532b8f4d	Ninon	Sullivan	3	23	3	200982-27028	ninon.sullivan@datapstrade.lv	25381136	default.png
110	Kandy.Jordan	pbkdf2:sha256:150000$LwWt2vKN$fe61eb526bc4f676daf89a0cfaae3c916bb5b860001e99ebf165ca241a0dec3a	Kandy	Jordan	3	23	3	061190-84957	kandy.jordan@datapstrade.lv	27738418	default.png
122	Dre.Murray	pbkdf2:sha256:150000$n2yYdeRA$441f79b326f37022433d1cb4ee27eb0d6e2776ee0a9d40e2827d3502d083850e	Dre	Murray	3	23	3	270799-30583	dre.murray@datapstrade.lv	22333603	default.png
129	Ellene.Porter	pbkdf2:sha256:150000$81mxNOBX$9bcc0d88def908fbedb6847fe9538e0837176fabf2b7a7ff1508402157fccf1b	Ellene	Porter	3	23	3	090893-93288	ellene.porter@datapstrade.lv	24378473	default.png
130	Tiffy.Hunter	pbkdf2:sha256:150000$0yaqhEFx$c81e44021de962aa71830fecc94d0e751b492e00aabac0ef82da6d0e78be232d	Tiffy	Hunter	2	23	3	030897-45574	tiffy.hunter@datapstrade.lv	27107941	default.png
71	Dyanna.James	pbkdf2:sha256:150000$36txv9RN$10c95b8608a1e75df7cfab95b07bc50d0ec3daff34fdc3198a3b4efc8b489e2b	Dyanna	James	3	24	3	201297-31664	dyanna.james@datapstrade.lv	25835602	default.png
92	Phebe.Simmons	pbkdf2:sha256:150000$AWqedTqE$2c79cf2295889d714813580b4fe89d6de069d28b1d61b23f4248b81668b218f7	Phebe	Simmons	3	24	3	040497-27777	phebe.simmons@datapstrade.lv	28338364	default.png
95	Lonni.Bryant	pbkdf2:sha256:150000$FmSkdExZ$7615eba7b344e873aafc491033ef3a88af9021dbf634cde4d003074038b5a2ac	Lonni	Bryant	3	24	3	081296-54235	lonni.bryant@datapstrade.lv	28113614	default.png
97	Brittani.Russell	pbkdf2:sha256:150000$jh2RMKvA$9ecf99c41c8db7d620a5dd4dc5a330b06984562de74e8a34f231b6a3cfa0ef4e	Brittani	Russell	3	24	3	150891-95542	brittani.russell@datapstrade.lv	26386792	default.png
100	Blondelle.Hayes	pbkdf2:sha256:150000$V1LobW1k$8228d8c8c0c6e9a1714ac445280e5d8e469dda5755f8b6f7eda9654f519a7f7f	Blondelle	Hayes	2	24	3	140796-87864	blondelle.hayes@datapstrade.lv	21269219	default.png
42	Kristel.Perez	pbkdf2:sha256:150000$MRX3sTLr$825997a6415de8b45856d1a8f9d3cdd5600f85a239b955170b6f7bd720f092ab	Kristel	Perez	3	25	3	280582-56685	kristel.perez@datapstrade.lv	23668601	default.png
45	Sonya.Phillips	pbkdf2:sha256:150000$0f4xvXAB$d072f9d87234e7fef97ddf770ea9d01a87e6c3a38cdaeb53c735780cd75671ad	Sonya	Phillips	3	25	3	011186-89438	sonya.phillips@datapstrade.lv	27023884	default.png
55	Sophie.Reed	pbkdf2:sha256:150000$Ms2XgPKz$76a7fba85eea8b6d7287b186c78b04bdd4a8918fc1490bc359d0e96c77289061	Sophie	Reed	3	25	3	090897-76411	sophie.reed@datapstrade.lv	29769457	default.png
58	Ilysa.Bell	pbkdf2:sha256:150000$xZmmldxB$8d20ce8cc4f2b82f1fdf0f86401199d582a8dc87fd06fc3269469fdce8dee15b	Ilysa	Bell	3	25	3	101180-76162	ilysa.bell@datapstrade.lv	25616962	default.png
65	Birgitta.Howard	pbkdf2:sha256:150000$O6OXSrG7$29d6ec86c1404cdc3f97ad697b5bcb8e12f1b0707ddf2f2cb118f2b66d687d4a	Birgitta	Howard	2	25	3	280289-58655	birgitta.howard@datapstrade.lv	29192951	default.png
9	Kaycee.Moore	pbkdf2:sha256:150000$ZEAhZKEm$1a482a1f6ed7de41eae025b17dc75b3bce4fdcde3bdc784debffa9d81c544d3d	Kaycee	Moore	3	26	3	180491-17216	kaycee.moore@datapstrade.lv	23446110	default.png
24	Corene.Lee	pbkdf2:sha256:150000$hlD4A2a7$17bd387817f0311c8d0b7af79c040c5de28444daac64e8d145fe35f186e2fc9a	Corene	Lee	3	26	3	230697-18209	corene.lee@datapstrade.lv	28668330	default.png
28	Beverly.Young	pbkdf2:sha256:150000$UiLuV5gZ$c0ccb85ff398c88ba08d08350c47c5d63d9dc8d96275b12cd631326962b5ab03	Beverly	Young	3	26	3	160895-87675	beverly.young@datapstrade.lv	28728349	default.png
33	Lauraine.Hill	pbkdf2:sha256:150000$fasf9uv7$1ad3ad7b4ff484498cdeef823132d1e16de28eecc90759d46b398509f038b43c	Lauraine	Hill	3	26	3	230285-19058	lauraine.hill@datapstrade.lv	24101987	default.png
37	Nola.Baker	pbkdf2:sha256:150000$JHC1Txtm$e376aa0b680296e49565874c6369444464ee67bafeca34b35ce5c80e871dab59	Nola	Baker	2	26	3	230196-76014	nola.baker@datapstrade.lv	26605617	default.png
1	Anjanette.Smith	pbkdf2:sha256:150000$xHW2K3mG$1a22c9925cd7adc562761739b13ba674c700be301a1a27b088f27e98ad226fa6	Anjanette	Smith	3	27	3	021298-48041	anjanette.smith@datapstrade.lv	25010592	default.png
2	Evania.Johnson	pbkdf2:sha256:150000$0BMLW0lb$65836dae221fdced42d58a58579bdd145f1bdd5a5b1a4bf8522c6d031b3bf3aa	Evania	Johnson	3	27	3	061193-91437	evania.johnson@datapstrade.lv	28832668	default.png
6	Lona.Davis	pbkdf2:sha256:150000$rVkzoUeD$cfde51cad9f089c3f8b519b80f8667c9bbfc23cf3b57f203e998d951bea7b90a	Lona	Davis	3	27	3	260400-63169	lona.davis@datapstrade.lv	27754740	default.png
172	Nikaniki.Willis	pbkdf2:sha256:150000$kG0k9C5z$64869b6c133bc1c35d9a2e1b65d3938c6472863ae575aea64d3c30d95918f0d5	Nikaniki	Willis	3	27	4	051197-91088	nikaniki.willis@datapstrade.lv	27180275	default.png
195	Neilla.Sims	pbkdf2:sha256:150000$BD083FlS$975c3f7e095f73682d8d35cf3af5e366562e4fc4f949c1343d5511ae1fa8d84b	Neilla	Sims	2	27	4	030186-43436	neilla.sims@datapstrade.lv	23641262	default.png
102	Basia.Ford	pbkdf2:sha256:150000$IyYfzB3Q$e2bcb6310423e17709aedfc8c7b9965f2f51f96164e91fd9fae6229086652e44	Basia	Ford	3	28	4	091200-05748	basia.ford@datapstrade.lv	22814660	default.png
113	Mirelle.Fisher	pbkdf2:sha256:150000$3EJBvmJA$c1a982cef45743b6d0bf3794532f4e54ae3d93ff265c5ab953f3231ef3c8e0a9	Mirelle	Fisher	3	28	4	020284-07608	mirelle.fisher@datapstrade.lv	28272067	default.png
115	Annice.Harrison	pbkdf2:sha256:150000$uUvRc46f$9b62c8fbfe20ce359e813ecfee9a6079f594939d37393e1b58b9a890c9d5384c	Annice	Harrison	3	28	4	171193-38946	annice.harrison@datapstrade.lv	27547926	default.png
116	Kalila.Gibson	pbkdf2:sha256:150000$udQMsPro$68e6d9a44b91b198b4ec269fd0419b09f00e147b0ddb3797b9abe5be42c1459d	Kalila	Gibson	3	28	4	120486-67634	kalila.gibson@datapstrade.lv	26845784	default.png
166	Jen.Payne	pbkdf2:sha256:150000$2knVbBHJ$c82c7cf12b27d263a393eb0674e6769150771895f212c2cf036fcccd01589d20	Jen	Payne	2	28	4	191093-35141	jen.payne@datapstrade.lv	22178078	default.png
53	Janelle.Morris	pbkdf2:sha256:150000$lJiqx30o$3d7c77b6504bc6be0515e91c930e837f923b7fce600632151c8e78dcf3b357e0	Janelle	Morris	3	29	4	141282-95447	janelle.morris@datapstrade.lv	27147991	default.png
83	Dennie.Jenkins	pbkdf2:sha256:150000$C1FYxcx2$6ca152429d774a5cd20a0abbd555df95b14ae2e8ce71a93eb07492f083884390	Dennie	Jenkins	3	29	4	260196-60528	dennie.jenkins@datapstrade.lv	28307368	default.png
90	Pippa.Washington	pbkdf2:sha256:150000$Pgcpwjnu$a154a31511b42cb7d8d80499dfa5e4c43ddd7000ce6f0c58b173d94c5bdede84	Pippa	Washington	3	29	4	281184-05399	pippa.washington@datapstrade.lv	29103799	default.png
91	Kore.Butler	pbkdf2:sha256:150000$v59JsZSf$ed1ae2ccda25f530537609bb626d60f5d555e50609e13812048ad859ade39722	Kore	Butler	3	29	4	131295-78646	kore.butler@datapstrade.lv	27373466	default.png
94	Sondra.Gonzales	pbkdf2:sha256:150000$RW9KLhBE$c241643a111bdbf2cb365b97b92c19901ede0005fc050f46ba0299f5637e2e15	Sondra	Gonzales	2	29	4	020696-90055	sondra.gonzales@datapstrade.lv	25413039	default.png
11	Meggie.Anderson	pbkdf2:sha256:150000$OMT1dKtz$4bd7902c72fd3687ef43cbcbdfe16ef76e692b0d8e552f47e4746e5b81c30ec7	Meggie	Anderson	3	30	4	061293-90844	meggie.anderson@datapstrade.lv	26973343	default.png
23	Jeniece.Lewis	pbkdf2:sha256:150000$Y76f4RNd$9075b87c7e73ec6b9724002812ac5c06f09b09cc135688872a56da71094217a1	Jeniece	Lewis	3	30	4	171284-09945	jeniece.lewis@datapstrade.lv	22500133	default.png
47	Cora.Parker	pbkdf2:sha256:150000$HBQaCKuz$54fd5d04029cb0d4055ee9fea3431cad07ab61e32e0d51d0f8b4aebe69e1b0af	Cora	Parker	3	30	4	260982-50517	cora.parker@datapstrade.lv	23084074	default.png
180	Lyn.Cunningham	pbkdf2:sha256:150000$xegmTa36$e338dec2380cbc6a4d7be6e5fb4cf30f0d8ad7d41ea91b3d0faaa740b05d5398	Lyn	Cunningham	3	30	5	010989-82156	lyn.cunningham@datapstrade.lv	21063566	default.png
185	Tammara.Harper	pbkdf2:sha256:150000$aEEHuJ8z$12f3850643c7f92c8c6adde083d9a3047b31ed95b25ee3605afdd3adec816ff0	Tammara	Harper	2	30	5	080286-57972	tammara.harper@datapstrade.lv	26098100	default.png
66	Nanine.Ward	pbkdf2:sha256:150000$rlRjfn8t$0724876c28456ecab55b7ce8f3b8b9878b2e60f381cea22baa8cc4dd6a06343f	Nanine	Ward	3	31	5	260192-22388	nanine.ward@datapstrade.lv	23890813	default.png
80	Lisabeth.Ross	pbkdf2:sha256:150000$n965U8Ze$e35654e7d31e0dc8b7441f56d55ffb29232c1d0d6db9d2f02f5a7d57b3780090	Lisabeth	Ross	3	31	5	040997-65838	lisabeth.ross@datapstrade.lv	22960743	default.png
81	Rois.Henderson	pbkdf2:sha256:150000$QZHz87qX$31c7a3b53cfbf3e597adee16aa3f0c04712a0fbd10d4bc73c3f71f9efc38b302	Rois	Henderson	3	31	5	271191-29518	rois.henderson@datapstrade.lv	26442632	default.png
125	Dorrie.Webb	pbkdf2:sha256:150000$e8AIYah8$830aadecdc9384c92ef6d60b9a36dec187a4fe396f3354ad53fa3d21b66e3a1b	Dorrie	Webb	3	31	5	140587-06081	dorrie.webb@datapstrade.lv	24418418	default.png
138	Gretal.Warren	pbkdf2:sha256:150000$aNnmggbE$632f53fb3e798eff3205ff2ad5fc41fd68e80fc77078746991537e5f37c737c2	Gretal	Warren	2	31	5	260187-90459	gretal.warren@datapstrade.lv	28907695	default.png
10	Sydel.Taylor	pbkdf2:sha256:150000$KcwNneM4$a3d94054bf0189f679af3e306a21f7082cda1ba746901b2d12f68505c986d3fc	Sydel	Taylor	3	32	5	150900-97378	sydel.taylor@datapstrade.lv	21910448	default.png
12	Onida.Thomas	pbkdf2:sha256:150000$BTm0VZXB$0f0daaef3d28ef588ad6ac9341ed8ec27f7e66fe41e7d8b456eb34add193d1b1	Onida	Thomas	3	32	5	020392-81381	onida.thomas@datapstrade.lv	29828060	default.png
17	Camilla.Thompson	pbkdf2:sha256:150000$l7kdN6sJ$c954309ad5009fbbed42c06e30ddd7e41142d86bcfb722903b787b3793aea569	Camilla	Thompson	3	32	5	090691-52903	camilla.thompson@datapstrade.lv	29835691	default.png
27	Estell.Allen	pbkdf2:sha256:150000$kgR1JF3i$82e540c2276ec96b773d781731c7f35746bc68616c82093ccdf239ae30eb8f5b	Estell	Allen	3	32	5	061294-30181	estell.allen@datapstrade.lv	25891296	default.png
38	Blinnie.Gonzalez	pbkdf2:sha256:150000$RQm0dqcn$f79f6ca3b4c2f3b5b46ade605dbf4f54c3721c36f8da731bc4558fb8cb0b4a8b	Blinnie	Gonzalez	2	32	5	071082-01973	blinnie.gonzalez@datapstrade.lv	29789431	default.png
96	Herminia.Alexander	pbkdf2:sha256:150000$tPYSw1gH$2b162b2cee4c385165d2fc6ac3a21016171571515105c292a375d8f0fe695d2e	Herminia	Alexander	3	33	6	100481-65709	herminia.alexander@datapstrade.lv	28727517	default.png
98	Engracia.Griffin	pbkdf2:sha256:150000$lhBVWw6z$121a4d3d21eff78f23f4b2fdb5f3368d140dfbbcb0d655cc3c7f6c48b4a193fe	Engracia	Griffin	3	33	6	160495-63215	engracia.griffin@datapstrade.lv	27204468	default.png
114	Lynelle.Ellis	pbkdf2:sha256:150000$pf4KNv67$2063c1df90ea717afa6ebc61a95a9fa7c6b49a9ab4d82ee4da5940e8ad75bb07	Lynelle	Ellis	3	33	6	180392-31254	lynelle.ellis@datapstrade.lv	21295653	default.png
120	Noelle.Ortiz	pbkdf2:sha256:150000$N76nfpqC$538f4b3714c31a658ad92aabc61db4917e5c0678b7f9c40b690339a25a9daf7a	Noelle	Ortiz	3	33	6	200791-54852	noelle.ortiz@datapstrade.lv	24540771	default.png
145	Hildegaard.Holmes	pbkdf2:sha256:150000$UrK7bRS9$f16136e764f10b4320ec19f2dcdf6e20fcc9121ccef9af716c638e7ccf4ca064	Hildegaard	Holmes	2	33	6	220599-38628	hildegaard.holmes@datapstrade.lv	22634331	default.png
165	Bernardina.Stephens	pbkdf2:sha256:150000$mCoeLEET$8df6e0a18f31420012b2f8d25db6750a67a014807f791fbb3017133c8e0c2ec0	Bernardina	Stephens	3	5	6	170783-62014	bernardina.stephens@datapstrade.lv	28451433	default.png
31	Ted.Wright	pbkdf2:sha256:150000$p8geLhAS$4cf17e581cf0244dc59a24b9c791c7466cc4a8044799a31bbf3f89d7c1569ed0	Ted	Wright	3	34	6	250583-85579	ted.wright@datapstrade.lv	24891895	default.png
44	Sibby.Turner	pbkdf2:sha256:150000$U48Aci23$4c09be6eebf534df016d37a2f8ec4f1c4a3c173ef1e4c0718ea4f4b78cb9c534	Sibby	Turner	3	34	6	101180-62433	sibby.turner@datapstrade.lv	23978417	default.png
59	Lorrin.Murphy	pbkdf2:sha256:150000$fevGkose$ba2f5c857a574a29a7bba2dac32c414f0ad903e2c0fea2ef953a7de93cdb23b8	Lorrin	Murphy	3	34	6	160895-79732	lorrin.murphy@datapstrade.lv	27356949	default.png
70	Kariotta.Ramirez	pbkdf2:sha256:150000$RqHokrn7$e339d3c457c603db83949112f60121dd6af6b210d7ad2b8ef1bc5b620f580de9	Kariotta	Ramirez	3	34	6	010680-11623	kariotta.ramirez@datapstrade.lv	25352760	default.png
84	Fiorenze.Perry	pbkdf2:sha256:150000$BajoqyA2$a5dfeeee7e6312de08da9f57a307ed41974d1c5fffca4c8d3e5875903dd049ce	Fiorenze	Perry	2	34	6	220398-91725	fiorenze.perry@datapstrade.lv	22587505	default.png
103	Hazel.Hamilton	pbkdf2:sha256:150000$UKa8kgse$6410d3bc92d088f141ea2aaccd019ecb47590cc13e9c4231332e3396b2e63175	Hazel	Hamilton	3	35	7	031192-27694	hazel.hamilton@datapstrade.lv	21845818	default.png
109	Vikky.West	pbkdf2:sha256:150000$i2OcjrJz$3cc7c189086cfc4c229f3b80a231060862925b70b31a761e792a8cf03fdbc689	Vikky	West	3	35	7	280381-64789	vikky.west@datapstrade.lv	22193140	default.png
121	Aubrie.Gomez	pbkdf2:sha256:150000$bfZ37ooQ$ee4c3dd33ac29c97be1ec34445f21d4aa2ba40c418961a32b55f1d20433e656a	Aubrie	Gomez	3	35	7	280289-63934	aubrie.gomez@datapstrade.lv	24864109	default.png
147	Sascha.Robertson	pbkdf2:sha256:150000$ByJtRohL$ffcd9758d36b87b0f66c3072a3ed2171dbfbdab6ba88c96713ffd3635036abde	Sascha	Robertson	3	35	7	190798-80151	sascha.robertson@datapstrade.lv	21364162	default.png
150	Lynnett.Daniels	pbkdf2:sha256:150000$VkhPa03n$f7246af776e6b4bd5ab8936d076e18034a089af0ce1fec6a09adbf130c7e76e0	Lynnett	Daniels	2	35	7	220599-96869	lynnett.daniels@datapstrade.lv	29582849	default.png
158	Philly.Stone	pbkdf2:sha256:150000$mHxyRZ4d$70e4f02630dccab26409d30e810afa3328bf0f9a0d8ef77c59767f191c18c06c	Philly	Stone	3	35	7	130590-59871	philly.stone@datapstrade.lv	24538344	default.png
16	Patience.Martin	pbkdf2:sha256:150000$hjHorHVz$fc2b0e114142b37c94c2db2f9d4db4cc57b85e9fb2132739b9fd792ed3ee5d73	Patience	Martin	3	36	7	270392-13518	patience.martin@datapstrade.lv	29753760	default.png
26	Dinnie.Hall	pbkdf2:sha256:150000$6bfWzWS8$6415bdfa8fa58495474c5b1d2018103e45141c36a9e590f75590ec20c7ae0dcb	Dinnie	Hall	3	36	7	071187-86185	dinnie.hall@datapstrade.lv	29132211	default.png
43	Diahann.Roberts	pbkdf2:sha256:150000$ACAAuSEO$ea754510ec44237fbcffb6e17775c8735150d5e73a2bb2612d786566a61f96d1	Diahann	Roberts	3	36	7	150884-29698	diahann.roberts@datapstrade.lv	26492658	default.png
52	Ashil.Sanchez	pbkdf2:sha256:150000$ZJt44fAd$1464f1442169950fd5e13f0f0cd3c9e9241d4b4664002b2f9fb40af5f080dfc6	Ashil	Sanchez	2	36	7	020986-90235	ashil.sanchez@datapstrade.lv	21050391	default.png
157	Darcy.Rose	pbkdf2:sha256:150000$ocuGEH0T$5ba2556fcef69e4e7032820180810ad88699cbc2aa0c457cb3cc6802d50b64fd	Darcy	Rose	3	36	8	161188-05833	darcy.rose@datapstrade.lv	29158680	default.png
21	Madella.Clark	pbkdf2:sha256:150000$x7m8HltT$f92aba70d4d5dc964b28a74612caed80b6842a2c9f32464f58e2edeec0deae62	Madella	Clark	3	37	8	060290-46567	madella.clark@datapstrade.lv	27839914	default.png
22	Averyl.Rodriguez	pbkdf2:sha256:150000$jHH2wbEb$65bd95adad54848839c40fecdacbe2371ad8f7e07125dea97e0157b0156fa007	Averyl	Rodriguez	3	37	8	100781-70619	averyl.rodriguez@datapstrade.lv	23544986	default.png
48	Joya.Evans	pbkdf2:sha256:150000$6kKx4jIA$579811e60be10cd6f2f51626b9a84305c594b242b31ec700df7da9926a1d1ebc	Joya	Evans	3	37	8	121080-86235	joya.evans@datapstrade.lv	24680258	default.png
54	Dolley.Rogers	pbkdf2:sha256:150000$RA5HnpMo$4c3355b9fa470bb6c0053a2710660790067b2a769f336780e12bbaf62c8ec2dc	Dolley	Rogers	2	37	8	220493-97936	dolley.rogers@datapstrade.lv	25308333	default.png
124	Ansley.Wells	pbkdf2:sha256:150000$axu4JW9I$a77f41b2ae6d08951ff1186f3c87a2cacfb5e90c03da42a0505aaf0145235ce9	Ansley	Wells	3	37	8	180390-41743	ansley.wells@datapstrade.lv	23162707	default.png
133	Imojean.Henry	pbkdf2:sha256:150000$DNiXm2Pj$e42899b6f435e39bfd539a3a685281aa6041657873ade46df102cc252bd5b4c5	Imojean	Henry	3	37	8	030387-18923	imojean.henry@datapstrade.lv	27304878	default.png
14	Mildrid.White	pbkdf2:sha256:150000$mu9YUKdS$d7662a8d3eb0aed5316aae948089abce6ac3acecfcae5e1905081636db7ea12d	Mildrid	White	3	38	9	080790-18248	mildrid.white@datapstrade.lv	26501182	default.png
78	Corine.Wood	pbkdf2:sha256:150000$erlvdqlY$6bf584970e9d370bc33147fc22df422248d35e3ddc3c5442a9a36d584ffbcf1c	Corine	Wood	3	38	9	050890-64738	corine.wood@datapstrade.lv	26505130	default.png
111	Imelda.Owens	pbkdf2:sha256:150000$WmQCnSqK$f3a3c61801a7b9d16f94a88c9e7973925f4e9a17428d26ae0c11ba74651cca22	Imelda	Owens	2	38	9	250580-64831	imelda.owens@datapstrade.lv	28375759	default.png
119	Cornelia.Marshall	pbkdf2:sha256:150000$Bv4qGa9L$b7e898d2f6566c95f9434e9e5e94cb25ce690bb94343d39504cfa04a45aab822	Cornelia	Marshall	3	38	9	251286-86427	cornelia.marshall@datapstrade.lv	24301166	default.png
148	Reeba.Hunt	pbkdf2:sha256:150000$iHRH7RHH$a239a3b929771fceb2ab10e6cf147aefa72c91bfa9b7ddb0f11dd41031c6866e	Reeba	Hunt	3	38	9	130190-30605	reeba.hunt@datapstrade.lv	24308342	default.png
194	Enid.Chavez	pbkdf2:sha256:150000$iYPjK8zY$7b6c22c8e6e8e15c97092e0c50819e1f835817c8d4ac15d259dc2d2cd55e7700	Enid	Chavez	3	38	9	270300-59694	enid.chavez@datapstrade.lv	23624695	default.png
132	Natassia.Crawford	pbkdf2:sha256:150000$ns2ecPZD$62ddb1afddc8c3dd17008fa1d09747315c72a05e405103e775bb5e66be9a0209	Natassia	Crawford	3	39	10	270187-38286	natassia.crawford@datapstrade.lv	24726592	default.png
155	Brunhilda.Knight	pbkdf2:sha256:150000$KoZrZskr$acde127451466e9bbc9993de1dec90c0db9abe0ef8cfc80c9776cd5146b00c55	Brunhilda	Knight	2	39	10	160690-71993	brunhilda.knight@datapstrade.lv	23057055	default.png
170	Melony.Arnold	pbkdf2:sha256:150000$XHKbsCbZ$32b4d44a948706a0df6cb0308922208d4eca9f0b71d9da7dc28a1293f3696359	Melony	Arnold	3	39	10	150595-74945	melony.arnold@datapstrade.lv	25216505	default.png
174	Miguela.Watkins	pbkdf2:sha256:150000$u9w4M7yA$36f605ae120fae8954652f3a80a969925abfec39a6412b6a0d935826ac8bf2ca	Miguela	Watkins	3	39	10	250987-69207	miguela.watkins@datapstrade.lv	28212884	default.png
192	Delilah.Lawrence	pbkdf2:sha256:150000$vEyGbqjs$3f17d79cb70bda5ea36cc14e995168bfd25119d6525ffc9f6944acebdd1a8efa	Delilah	Lawrence	3	39	10	160984-87258	delilah.lawrence@datapstrade.lv	21838660	default.png
199	root	pbkdf2:sha256:150000$G9GmffzD$1473fed14944d243c8b60347e16ecbf80fceaf97b620db636df449cc37df8fa8	Admins	Rudims	1	40	3	050594-58157	root@datapstrade.lv	21173339	default.png
