1	820400518274	MacBook Pro 15" Mid-2014 16GB/250GB 	MGXC2LL/A	1			1	2	1	default_item.png	2020-06-05
2	290310014314	MacBook Pro 15" Mid-2014 16GB/250GB 	MGXC2LL/A	1			1	4	2	default_item.png	2020-06-05
3	558934266559	MacBook Pro 15" Mid-2014 16GB/250GB 	MGXC2LL/A	1			1	3	3	default_item.png	2020-06-05
4	587948291535	MacBook Pro 15" Mid-2014 16GB/250GB 	MGXC2LL/A	1			1	6	4	default_item.png	2020-06-06
5	312224557473	MacBook Pro 15" Mid-2014 16GB/250GB 	MGXC2LL/A	1			1	6	5	default_item.png	2020-06-07
6	367728569436	MacBook Pro 15" Mid-2014 16GB/250GB 	MGXC2LL/A	1			1	4	6	default_item.png	2020-06-08
7	906409158155	MacBook Pro 13.3" - Early 2015	MF840LL/A 	1			1	1	7	default_item.png	2020-06-09
8	953337219510	MacBook Pro 13.3" - Early 2015	MF840LL/A 	1			1	9	8	default_item.png	2020-06-10
9	925866796830	MacBook Pro 13.3" - Early 2015	MF840LL/A 	1			1	9	9	default_item.png	2020-06-11
10	346836717679	MacBook Pro 13.3" - Early 2015	MF840LL/A 	1			1	1	10	default_item.png	2020-06-12
11	454073305713	MacBook Pro 13.3" - Early 2015	MF840LL/A 	1			1	4	11	default_item.png	2020-06-13
12	487060732678	MacBook Pro 13.3" - Early 2015	MF840LL/A 	1			1	2	12	default_item.png	2020-06-14
13	514987584791	MacBook Pro 13.3" - Early 2015 	MF840LL/A 	1			1	10	13	default_item.png	2020-06-15
14	154845125853	MacBook Pro 13.3" - Early 2015 	MF840LL/A 	1			1	3	14	default_item.png	2020-06-16
15	739255602428	MacBook Air 13" i5 DC 1.8GHz/8GB/128GB flash/Intel HD 6000/RUS	MQD32RU/A	1			1	1	15	default_item.png	2020-06-17
16	279276630525	MacBook Air 13" i5 DC 1.8GHz/8GB/128GB flash/Intel HD 6000/RUS	MQD32RU/A	1			1	4	16	default_item.png	2020-06-18
17	386881377323	MacBook Air 13" i5 DC 1.8GHz/8GB/128GB flash/Intel HD 6000/RUS	MQD32RU/A	1			1	10	17	default_item.png	2020-06-19
18	243412726973	MacBook Air 13" i5 DC 1.8GHz/8GB/128GB flash/Intel HD 6000/RUS	MQD32RU/A	1			1	8	18	default_item.png	2020-06-20
19	309848350208	MacBook Pro 13.3" Retina DC i5 2.3GHz/8GB/128GB/Intel Iris Plus 640/Space Grey/INT	MPXQ2ZE/A	1			1	7	19	default_item.png	2020-06-21
20	382036728387	MacBook Pro 13.3" Retina DC i5 2.3GHz/8GB/128GB/Intel Iris Plus 640/Space Grey/INT	MPXQ2ZE/A	1			1	9	20	default_item.png	2020-06-22
21	668329125112	MacBook Pro 13.3" Retina DC i5 2.3GHz/8GB/128GB/Intel Iris Plus 640/Space Grey/INT	MPXQ2ZE/A	1			1	10	21	default_item.png	2020-06-23
22	523162704284	MacBook Pro 13.3" Retina DC i5 2.3GHz/8GB/128GB/Intel Iris Plus 640/Space Grey/INT	MPXQ2ZE/A	1			1	2	22	default_item.png	2020-06-24
23	967118665100	MacBook Pro 13.3" Retina DC i5 2.3GHz/8GB/128GB/Intel Iris Plus 640/Space Grey/INT	MPXQ2ZE/A	1			1	6	23	default_item.png	2020-06-25
24	707429974273	MacBook Pro 13.3" Retina DC i5 2.3GHz/8GB/128GB/Intel Iris Plus 640/Space Grey/INT	MPXQ2ZE/A	1			1	6	24	default_item.png	2020-06-26
25	708890809993	MacBook 12" 1.2GHz Dual Core M3 8GB/256GB Flash/HD615/Gold New/INT	 MRQN2ZE/A	1			1	7	25	default_item.png	2020-06-05
26	284780188797	MacBook 12" 1.2GHz Dual Core M3 8GB/256GB Flash/HD615/Gold New/INT	 MRQN2ZE/A	1			1	7	26	default_item.png	2020-06-05
27	623539542390	MacBook 12" 1.2GHz Dual Core M3 8GB/256GB Flash/HD615/Gold New/INT	 MRQN2ZE/A	1			1	6	27	default_item.png	2020-06-05
28	361358010512	MacBook 12" 1.2GHz Dual Core M3 8GB/256GB Flash/HD615/Gold New/INT	 MRQN2ZE/A	1			1	10	28	default_item.png	2020-06-05
29	951523535849	MacBook 12" 1.2GHz Dual Core M3 8GB/256GB Flash/HD615/Gold New/INT	 MRQN2ZE/A	1			1	10	29	default_item.png	2020-06-05
30	133026960225	MacBook 12" 1.2GHz Dual Core M3 8GB/256GB Flash/HD615/Gold New/INT	 MRQN2ZE/A	1			1	8	30	default_item.png	2020-06-05
31	518146477515	MacBook 12" 1.2GHz Dual Core M3 8GB/256GB Flash/HD615/Gold New/INT	 MRQN2ZE/A	1			1	9	31	default_item.png	2020-06-05
32	123212013881	MacBook 12" 1.2GHz Dual Core M3 8GB/256GB Flash/HD615/Gold New/INT	 MRQN2ZE/A	1			1	7	32	default_item.png	2020-06-05
33	506637750004	MacBook 12" 1.2GHz Dual Core M3 8GB/256GB Flash/HD615/Gold New/INT	 MRQN2ZE/A	1			1	5	33	default_item.png	2020-06-05
34	927421607597	MacBook 12" 1.2GHz Dual Core M3 8GB/256GB Flash/HD615/Gold New/INT	 MRQN2ZE/A	1			1	5	34	default_item.png	2020-06-05
35	321585963344	MacBook 12" 1.2GHz Dual Core M3 8GB/256GB Flash/HD615/Gold New/INT	 MRQN2ZE/A	1			1	6	35	default_item.png	2020-06-05
36	214075528105	MacBook 12" 1.2GHz Dual Core M3 8GB/256GB Flash/HD615/Gold New/INT	 MRQN2ZE/A	1			1	10	36	default_item.png	2020-06-05
37	415323776829	MacBook 12" 1.2GHz Dual Core M3 8GB/256GB Flash/HD615/Gold New/INT	 MRQN2ZE/A	1			1	9	37	default_item.png	2020-06-05
38	169672572031	MacBook 12" 1.2GHz Dual Core M3 8GB/256GB Flash/HD615/Gold New/INT	 MRQN2ZE/A	1			1	8	38	default_item.png	2020-06-05
39	379519808355	MacBook 12" 1.2GHz Dual Core M3 8GB/256GB Flash/HD615/Gold New/INT	 MRQN2ZE/A	1			1	4	39	default_item.png	2020-06-05
40	408864778670	MacBook Air w/ True Tone Retina Display 13,3" 1.1GHz Dual Core 10Gen i3 8GB/256GB/Iris Plus/Space Grey	 MWTJ2KS/A	1			1	7	40	default_item.png	2020-06-05
41	476300586855	MacBook Air w/ True Tone Retina Display 13,3" 1.1GHz Dual Core 10Gen i3 8GB/256GB/Iris Plus/Space Grey	 MWTJ2KS/A	1			1	9	41	default_item.png	2020-06-05
42	302540431047	MacBook Air w/ True Tone Retina Display 13,3" 1.1GHz Dual Core 10Gen i3 8GB/256GB/Iris Plus/Space Grey	 MWTJ2KS/A	1			1	6	42	default_item.png	2020-06-05
43	197574515584	MacBook Air w/ True Tone Retina Display 13,3" 1.1GHz Dual Core 10Gen i3 8GB/256GB/Iris Plus/Space Grey	 MWTJ2KS/A	1			1	9	43	default_item.png	2020-06-05
44	437478617510	MacBook Air w/ True Tone Retina Display 13,3" 1.1GHz Dual Core 10Gen i3 8GB/256GB/Iris Plus/Space Grey	 MWTJ2KS/A	1			1	3	44	default_item.png	2020-06-05
45	504817792168	MacBook Air w/ True Tone Retina Display 13,3" 1.1GHz Dual Core 10Gen i3 8GB/256GB/Iris Plus/Space Grey	 MWTJ2KS/A	1			1	2	45	default_item.png	2020-06-05
46	931761928229	MacBook Air w/ True Tone Retina Display 13,3" 1.1GHz Dual Core 10Gen i3 8GB/256GB/Iris Plus/Space Grey	 MWTJ2KS/A	1			1	6	46	default_item.png	2020-06-05
47	973826147873	MacBook Air w/ True Tone Retina Display 13,3" 1.1GHz Dual Core 10Gen i3 8GB/256GB/Iris Plus/Space Grey	 MWTJ2KS/A	1			1	4	47	default_item.png	2020-06-05
48	344834884567	MacBook Air w/ True Tone Retina Display 13,3" 1.1GHz Dual Core 10Gen i3 8GB/256GB/Iris Plus/Space Grey	 MWTJ2KS/A	1			1	2	48	default_item.png	2020-06-05
49	469176559659	MacBook Air w/ True Tone Retina Display 13,3" 1.1GHz Dual Core 10Gen i3 8GB/256GB/Iris Plus/Space Grey	 MWTJ2KS/A	1			1	9	49	default_item.png	2020-06-05
50	511474083215	MacBook Air w/ True Tone Retina Display 13,3" 1.1GHz Dual Core 10Gen i3 8GB/256GB/Iris Plus/Space Grey	 MWTJ2KS/A	1			1	5	50	default_item.png	2020-06-05
51	225882049066	MacBook Air w/ True Tone Retina Display 13,3" 1.1GHz Dual Core 10Gen i3 8GB/256GB/Iris Plus/Space Grey	 MWTJ2KS/A	1			1	3	51	default_item.png	2020-06-05
52	856443218342	MacBook Air w/ True Tone Retina Display 13,3" 1.1GHz Dual Core 10Gen i3 8GB/256GB/Iris Plus/Space Grey	 MWTJ2KS/A	1			1	9	52	default_item.png	2020-06-05
53	441048268429	MacBook Air w/ True Tone Retina Display 13,3" 1.1GHz Dual Core 10Gen i3 8GB/256GB/Iris Plus/Space Grey	 MWTJ2KS/A	1			1	2	53	default_item.png	2020-06-05
54	423226725430	MacBook 12" 1.2GHz Dual Core M3 8GB/256GB Flash/HD615/Gold New/INT	 MRQN2ZE/A	1			1	7	54	default_item.png	2020-06-05
55	958543849650	MacBook 12" 1.2GHz Dual Core M3 8GB/256GB Flash/HD615/Gold New/INT	 MRQN2ZE/A	1			1	4	55	default_item.png	2020-06-05
56	301925890997	MacBook 12" 1.2GHz Dual Core M3 8GB/256GB Flash/HD615/Gold New/INT	 MRQN2ZE/A	1			1	1	56	default_item.png	2020-06-05
57	496346000660	MacBook 12" 1.2GHz Dual Core M3 8GB/256GB Flash/HD615/Gold New/INT	 MRQN2ZE/A	1			1	10	57	default_item.png	2020-06-05
58	738235032080	MacBook 12" 1.2GHz Dual Core M3 8GB/256GB Flash/HD615/Gold New/INT	 MRQN2ZE/A	1			1	2	58	default_item.png	2020-06-05
59	682917488092	MacBook 12" 1.2GHz Dual Core M3 8GB/256GB Flash/HD615/Gold New/INT	 MRQN2ZE/A	1			1	8	59	default_item.png	2020-06-05
60	351750949424	MacBook 12" 1.2GHz Dual Core M3 8GB/256GB Flash/HD615/Gold New/INT	 MRQN2ZE/A	1			1	7	60	default_item.png	2020-06-05
61	502797508044	MacBook 12" 1.2GHz Dual Core M3 8GB/256GB Flash/HD615/Gold New/INT	 MRQN2ZE/A	1			1	6	61	default_item.png	2020-06-05
62	842870834671	MacBook 12" 1.2GHz Dual Core M3 8GB/256GB Flash/HD615/Gold New/INT	 MRQN2ZE/A	1			1	4	62	default_item.png	2020-06-05
63	688686310077	MacBook 12" 1.2GHz Dual Core M3 8GB/256GB Flash/HD615/Gold New/INT	 MRQN2ZE/A	1			1	10	63	default_item.png	2020-06-05
64	138959138547	MacBook 12" 1.2GHz Dual Core M3 8GB/256GB Flash/HD615/Gold New/INT	 MRQN2ZE/A	1			1	1	64	default_item.png	2020-06-05
65	966944974210	MacBook 12" 1.2GHz Dual Core M3 8GB/256GB Flash/HD615/Gold New/INT	 MRQN2ZE/A	1			1	8	65	default_item.png	2020-06-05
66	489712621280	MacBook 12" 1.2GHz Dual Core M3 8GB/256GB Flash/HD615/Gold New/INT	 MRQN2ZE/A	1			1	3	66	default_item.png	2020-06-05
67	465051906545	MacBook 12" 1.2GHz Dual Core M3 8GB/256GB Flash/HD615/Gold New/INT	 MRQN2ZE/A	1			1	5	67	default_item.png	2020-06-05
68	317937150084	MacBook 12" 1.2GHz Dual Core M3 8GB/256GB Flash/HD615/Gold New/INT	 MRQN2ZE/A	1			1	7	68	default_item.png	2020-06-05
69	909499380631	MacBook 12" 1.2GHz Dual Core M3 8GB/256GB Flash/HD615/Gold New/INT	 MRQN2ZE/A	1			1	7	69	default_item.png	2020-06-05
70	826873718700	MacBook 12" 1.2GHz Dual Core M3 8GB/256GB Flash/HD615/Gold New/INT	 MRQN2ZE/A	1			1	6	70	default_item.png	2020-06-05
71	291554002264	Probook 450 G2	 K9K21EA#ABB	2			1	7	71	default_item.png	2020-06-05
72	823509800588	Probook 450 G2	 K9K21EA#ABB	2			1	8	72	default_item.png	2020-06-05
73	633948018331	Probook 450 G2	 K9K21EA#ABB	2			1	3	73	default_item.png	2020-06-06
74	469453528567	Probook 450 G2	 K9K21EA#ABB	2			1	3	74	default_item.png	2020-06-07
75	576610956942	Probook 450 G2	 K9K21EA#ABB	2			1	5	75	default_item.png	2020-06-08
76	970475019771	Probook 450 G2	 K9K21EA#ABB	2			1	2	76	default_item.png	2020-06-09
77	215519711435	Probook 450 G2	 K9K21EA#ABB	2			1	2	77	default_item.png	2020-06-10
78	579961349200	Probook 450 G2	 K9K21EA#ABB	2			1	8	78	default_item.png	2020-06-11
79	111380063527	Probook 450 G2	 K9K21EA#ABB	2			1	8	79	default_item.png	2020-06-12
80	864445139885	Probook 450 G2	 K9K21EA#ABB	2			1	4	80	default_item.png	2020-06-13
81	954819449783	Probook 450 G2	 K9K21EA#ABB	2			1	9	81	default_item.png	2020-06-14
82	332600872142	Probook 450 G2	 K9K21EA#ABB	2			1	6	82	default_item.png	2020-06-15
83	375259143646	Probook 450 G2	 K9K21EA#ABB	2			1	4	83	default_item.png	2020-06-16
84	402221505832	Probook 450 G2	 K9K21EA#ABB	2			1	3	84	default_item.png	2020-06-17
85	582765502686	Probook 450 G2	 K9K21EA#ABB	2			1	7	85	default_item.png	2020-06-18
86	156128733230	ProBook 440 G6, 14" FHD, Core i3-8145U, 4GB, 128GB SSD	5PQ24EA#B1R	2			1	3	86	default_item.png	2020-06-19
87	625847439734	ProBook 440 G6, 14" FHD, Core i3-8145U, 4GB, 128GB SSD	5PQ24EA#B1R	2			1	2	87	default_item.png	2020-06-20
88	600795394040	ProBook 440 G6, 14" FHD, Core i3-8145U, 4GB, 128GB SSD	5PQ24EA#B1R	2			1	10	88	default_item.png	2020-06-21
89	995320265990	ProBook 440 G6, 14" FHD, Core i3-8145U, 4GB, 128GB SSD	5PQ24EA#B1R	2			1	2	89	default_item.png	2020-06-22
90	498058141335	ProBook 440 G6, 14" FHD, Core i3-8145U, 4GB, 128GB SSD	5PQ24EA#B1R	2			1	3	90	default_item.png	2020-06-23
91	283769767033	ProBook 440 G6, 14" FHD, Core i3-8145U, 4GB, 128GB SSD	5PQ24EA#B1R	2			1	5	91	default_item.png	2020-06-05
92	621295953266	ProBook 440 G6, 14" FHD, Core i3-8145U, 4GB, 128GB SSD	5PQ24EA#B1R	2			1	6	92	default_item.png	2020-06-05
93	695178850957	ProBook 440 G6, 14" FHD, Core i3-8145U, 4GB, 128GB SSD	5PQ24EA#B1R	2			1	7	93	default_item.png	2020-06-05
94	815792510575	Probook 440 G3 	P5R90EA#ABB 	2			1	9	94	default_item.png	2020-06-05
95	460121697649	Probook 440 G3 	P5R90EA#ABB 	2			1	1	95	default_item.png	2020-06-05
96	191191226037	Probook 440 G3 	P5R90EA#ABB 	2			1	6	96	default_item.png	2020-06-05
97	709211684843	Probook 440 G3 	P5R90EA#ABB 	2			1	3	97	default_item.png	2020-06-05
98	278293969002	Probook 440 G3 	P5R90EA#ABB 	2			1	1	98	default_item.png	2020-06-06
99	777878596716	Probook 440 G3 	P5R90EA#ABB 	2			1	5	99	default_item.png	2020-06-07
100	499339892168	Probook 440 G3 	P5R90EA#ABB 	2			1	8	100	default_item.png	2020-06-08
101	600981571008	Probook 440 G3 	P5R90EA#ABB 	2			1	6	101	default_item.png	2020-06-09
102	703803617721	Probook 440 G3 	P5R90EA#ABB 	2			1	9	102	default_item.png	2020-06-10
103	165766724307	Probook 440 G3 	P5R90EA#ABB 	2			1	5	103	default_item.png	2020-06-11
104	903835308075	Probook 440 G3 	P5R90EA#ABB 	2			1	9	104	default_item.png	2020-06-12
105	159038946615	Probook 440 G3 	P5R90EA#ABB 	2			1	5	105	default_item.png	2020-06-13
106	350966816421	Probook 440 G3 	P5R90EA#ABB 	2			1	3	106	default_item.png	2020-06-14
107	638423916631	Probook 440 G3 	P5R90EA#ABB 	2			1	6	107	default_item.png	2020-06-15
108	546325134668	ProBook 440 G6, 14" FHD, Core i3-8145U, 4GB, 128GB SSD	5PQ24EA#B1R	2			1	3	108	default_item.png	2020-06-16
109	410694153588	ProBook 440 G6, 14" FHD, Core i3-8145U, 4GB, 128GB SSD	5PQ24EA#B1R	2			1	1	109	default_item.png	2020-06-17
110	433729675611	ProBook 440 G6, 14" FHD, Core i3-8145U, 4GB, 128GB SSD	5PQ24EA#B1R	2			1	1	110	default_item.png	2020-06-18
111	869882715410	ProBook 440 G6, 14" FHD, Core i3-8145U, 4GB, 128GB SSD	5PQ24EA#B1R	2			1	7	111	default_item.png	2020-06-19
112	469308306442	ProBook 440 G6, 14" FHD, Core i3-8145U, 4GB, 128GB SSD	5PQ24EA#B1R	2			1	10	112	default_item.png	2020-06-20
113	492016768798	ProBook 430 G7, 13.3" FHD IPS, i3-10110U, 8GB, 256GB SSD	1F3M1EA#B1R	2			1	6	113	default_item.png	2020-06-21
114	863136388384	ProBook 430 G7, 13.3" FHD IPS, i3-10110U, 8GB, 256GB SSD	1F3M1EA#B1R	2			1	7	114	default_item.png	2020-06-22
115	271758352947	ProBook 430 G7, 13.3" FHD IPS, i3-10110U, 8GB, 256GB SSD	1F3M1EA#B1R	2			1	2	115	default_item.png	2020-06-23
116	833939959727	ProBook 430 G7, 13.3" FHD IPS, i3-10110U, 8GB, 256GB SSD	1F3M1EA#B1R	2			1	7	116	default_item.png	2020-06-24
117	847836755546	ProBook 430 G7, 13.3" FHD IPS, i3-10110U, 8GB, 256GB SSD	1F3M1EA#B1R	2			1	3	117	default_item.png	2020-06-25
118	338929022509	ProBook 430 G7, 13.3" FHD IPS, i3-10110U, 8GB, 256GB SSD	1F3M1EA#B1R	2			1	3	118	default_item.png	2020-06-26
119	678539306896	ProBook 430 G7, 13.3" FHD IPS, i3-10110U, 8GB, 256GB SSD	1F3M1EA#B1R	2			1	7	119	default_item.png	2020-06-27
120	228040675380	ProBook 430 G7, 13.3" FHD IPS, i3-10110U, 8GB, 256GB SSD	1F3M1EA#B1R	2			1	10	120	default_item.png	2020-06-28
121	968064481642	Lenovo ThinkPad T490 Black, 14" FHD IPS, Core i5-8265U, 16GB, 256GB SSD	20N2005UMH	3			1	2	121	default_item.png	2020-06-19
122	993906535777	Lenovo ThinkPad T490 Black, 14" FHD IPS, Core i5-8265U, 16GB, 256GB SSD	20N2005UMH	3			1	10	122	default_item.png	2020-06-10
123	953615801238	Lenovo ThinkPad T490 Black, 14" FHD IPS, Core i5-8265U, 16GB, 256GB SSD	20N2005UMH	3			1	3	123	default_item.png	2020-07-01
124	982446542801	Lenovo ThinkPad T490 Black, 14" FHD IPS, Core i5-8265U, 16GB, 256GB SSD	20N2005UMH	3			1	4	124	default_item.png	2020-07-02
125	223597970116	Lenovo ThinkPad T490 Black, 14" FHD IPS, Core i5-8265U, 16GB, 256GB SSD	20N2005UMH	3			1	6	125	default_item.png	2020-07-03
126	260171269833	Lenovo ThinkPad T490 Black, 14" FHD IPS, Core i5-8265U, 16GB, 256GB SSD	20N2005UMH	3			1	4	126	default_item.png	2020-07-04
127	280002575707	Lenovo ThinkPad T490 Black, 14" FHD IPS, Core i5-8265U, 16GB, 256GB SSD	20N2005UMH	3			1	1	127	default_item.png	2020-07-05
128	792734480889	Lenovo ThinkPad T490 Black, 14" FHD IPS, Core i5-8265U, 16GB, 256GB SSD	20N2005UMH	3			1	7	128	default_item.png	2020-07-06
129	142258223464	Lenovo ThinkPad T490 Black, 14" FHD IPS, Core i5-8265U, 16GB, 256GB SSD	20N2005UMH	3			1	10	129	default_item.png	2020-07-07
130	779280653798	Lenovo ThinkPad T490 Black, 14" FHD IPS, Core i5-8265U, 16GB, 256GB SSD	20N2005UMH	3			1	4	130	default_item.png	2020-07-08
131	775019421801	Lenovo ThinkPad T490 Black, 14" FHD IPS, Core i5-8265U, 16GB, 256GB SSD	20N2005UMH	3			1	5	131	default_item.png	2020-07-09
132	740240638420	Lenovo ThinkPad T490 Black, 14" FHD IPS, Core i5-8265U, 16GB, 256GB SSD	20N2005UMH	3			1	8	132	default_item.png	2020-07-10
133	832435287002	Lenovo ThinkPad T490 Black, 14" FHD IPS, Core i5-8265U, 16GB, 256GB SSD	20N2005UMH	3			1	2	133	default_item.png	2020-07-11
134	281825443617	Lenovo ThinkPad T490 Black, 14" FHD IPS, Core i5-8265U, 16GB, 256GB SSD	20N2005UMH	3			1	7	134	default_item.png	2020-07-12
135	420682112501	Lenovo ThinkPad T490 Black, 14" FHD IPS, Core i5-8265U, 16GB, 256GB SSD	20N2005UMH	3			1	4	135	default_item.png	2020-07-13
136	735277953799	Lenovo ThinkPad T490 Black, 14" FHD IPS, Core i5-8265U, 16GB, 256GB SSD	20N2005UMH	3			1	3	136	default_item.png	2020-07-14
137	465872531450	Lenovo ThinkPad T490 Black, 14" FHD IPS, Core i5-8265U, 16GB, 256GB SSD	20N2005UMH	3			1	6	137	default_item.png	2020-07-15
138	146654161904	Lenovo ThinkPad P15 (Gen 1), 15.6" UHD IPS, i7-10875H, 32GB	20ST001VMH	3			1	1	138	default_item.png	2020-07-16
139	886719853275	Lenovo ThinkPad P15 (Gen 1), 15.6" UHD IPS, i7-10875H, 32GB	20ST001VMH	3			1	4	139	default_item.png	2020-07-17
140	436399242220	Lenovo ThinkPad P15 (Gen 1), 15.6" UHD IPS, i7-10875H, 32GB	20ST001VMH	3			1	3	140	default_item.png	2020-07-18
141	143639604959	Lenovo ThinkPad P15 (Gen 1), 15.6" UHD IPS, i7-10875H, 32GB	20ST001VMH	3			1	6	141	default_item.png	2020-07-19
142	283679446031	Lenovo ThinkPad P15 (Gen 1), 15.6" UHD IPS, i7-10875H, 32GB	20ST001VMH	3			1	4	142	default_item.png	2020-07-20
143	544974959711	Lenovo ThinkPad P15 (Gen 1), 15.6" UHD IPS, i7-10875H, 32GB	20ST001VMH	3			1	6	143	default_item.png	2020-07-21
144	994509405542	Lenovo ThinkPad P15 (Gen 1), 15.6" UHD IPS, i7-10875H, 32GB	20ST001VMH	3			1	7	144	default_item.png	2020-07-22
145	563209973865	Lenovo ThinkPad P15 (Gen 1), 15.6" UHD IPS, i7-10875H, 32GB	20ST001VMH	3			1	8	145	default_item.png	2020-07-23
146	916903399859	Lenovo ThinkPad P15 (Gen 1), 15.6" UHD IPS, i7-10875H, 32GB	20ST001VMH	3			1	2	146	default_item.png	2020-07-24
147	230227842158	Lenovo ThinkPad P15 (Gen 1), 15.6" UHD IPS, i7-10875H, 32GB	20ST001VMH	3			1	3	147	default_item.png	2020-07-25
148	439249327075	Lenovo ThinkPad P15 (Gen 1), 15.6" UHD IPS, i7-10875H, 32GB	20ST001VMH	3			1	6	148	default_item.png	2020-07-26
149	587561844349	Lenovo ThinkPad P15 (Gen 1), 15.6" UHD IPS, i7-10875H, 32GB	20ST001VMH	3			1	2	149	default_item.png	2020-07-27
150	266535324597	Lenovo ThinkPad P15 (Gen 1), 15.6" UHD IPS, i7-10875H, 32GB	20ST001VMH	3			1	2	150	default_item.png	2020-07-18
151	609580714414	Lenovo ThinkPad P15 (Gen 1), 15.6" UHD IPS, i7-10875H, 32GB	20ST001VMH	3			1	6	151	default_item.png	2020-07-19
152	559716920353	Lenovo ThinkPad P15 (Gen 1), 15.6" UHD IPS, i7-10875H, 32GB	20ST001VMH	3			1	4	152	default_item.png	2020-07-20
153	756351737639	Lenovo ThinkPad P15 (Gen 1), 15.6" UHD IPS, i7-10875H, 32GB	20ST001VMH	3			1	8	153	default_item.png	2020-07-25
154	851754089854	Lenovo ThinkPad P15 (Gen 1), 15.6" UHD IPS, i7-10875H, 32GB	20ST001VMH	3			1	2	154	default_item.png	2020-08-01
155	368333250863	Lenovo ThinkPad P15 (Gen 1), 15.6" UHD IPS, i7-10875H, 32GB	20ST001VMH	3			1	6	155	default_item.png	2020-08-02
156	864603194341	Lenovo ThinkPad P15 (Gen 1), 15.6" UHD IPS, i7-10875H, 32GB	20ST001VMH	3			1	2	156	default_item.png	2020-08-03
157	798797642157	Lenovo ThinkPad P15 (Gen 1), 15.6" UHD IPS, i7-10875H, 32GB	20ST001VMH	3			1	4	157	default_item.png	2020-08-04
158	922404478024	Lenovo ThinkPad P15 (Gen 1), 15.6" UHD IPS, i7-10875H, 32GB	20ST001VMH	3			1	5	158	default_item.png	2020-08-05
159	347503671884	Lenovo ThinkPad P15 (Gen 1), 15.6" UHD IPS, i7-10875H, 32GB	20ST001VMH	3			1	1	159	default_item.png	2020-08-06
160	500869292319	Lenovo ThinkPad P15 (Gen 1), 15.6" UHD IPS, i7-10875H, 32GB	20ST001VMH	3			1	5	160	default_item.png	2020-08-07
161	297041745710	Lenovo ThinkPad P15 (Gen 1), 15.6" UHD IPS, i7-10875H, 32GB	20ST001VMH	3			1	7	161	default_item.png	2020-08-08
162	114186617597	Lenovo ThinkPad P15 (Gen 1), 15.6" UHD IPS, i7-10875H, 32GB	20ST001VMH	3			1	8	162	default_item.png	2020-08-09
163	603589655779	Lenovo ThinkPad P15 (Gen 1), 15.6" UHD IPS, i7-10875H, 32GB	20ST001VMH	3			1	7	163	default_item.png	2020-08-10
164	869692530690	Lenovo ThinkPad P15 (Gen 1), 15.6" UHD IPS, i7-10875H, 32GB	20ST001VMH	3			1	9	164	default_item.png	2020-03-01
165	180423355789	Lenovo ThinkPad X390 Yoga Black, 13.3" FHD IPS Touch	20NN00FDMH	3			1	5	165	default_item.png	2020-03-01
166	945681455551	Lenovo ThinkPad X390 Yoga Black, 13.3" FHD IPS Touch	20NN00FDMH	3			1	4	166	default_item.png	2020-03-01
167	159068966452	Lenovo ThinkPad X390 Yoga Black, 13.3" FHD IPS Touch	20NN00FDMH	3			1	1	167	default_item.png	2020-03-01
168	443593940762	Lenovo ThinkPad X390 Yoga Black, 13.3" FHD IPS Touch	20NN00FDMH	3			1	4	168	default_item.png	2020-03-01
169	633141813268	Lenovo ThinkPad X390 Yoga Black, 13.3" FHD IPS Touch	20NN00FDMH	3			1	7	169	default_item.png	2020-03-01
170	554967833310	Lenovo ThinkPad X390 Yoga Black, 13.3" FHD IPS Touch	20NN00FDMH	3			1	2	170	default_item.png	2020-03-01
171	897720350076	Lenovo ThinkPad X390 Yoga Black, 13.3" FHD IPS Touch	20NN00FDMH	3			1	5	171	default_item.png	2020-03-01
172	765783200823	Lenovo ThinkPad X390 Yoga Black, 13.3" FHD IPS Touch	20NN00FDMH	3			1	6	172	default_item.png	2020-03-01
173	412158112983	Lenovo ThinkPad X390 Yoga Black, 13.3" FHD IPS Touch	20NN00FDMH	3			1	4	173	default_item.png	2020-03-02
174	311068461091	Lenovo ThinkPad X390 Yoga Black, 13.3" FHD IPS Touch	20NN00FDMH	3			1	2	174	default_item.png	2020-03-03
175	196784943010	Lenovo ThinkPad X390 Yoga Black, 13.3" FHD IPS Touch	20NN00FDMH	3			1	9	175	default_item.png	2020-03-04
176	701851588220	Lenovo ThinkPad X390 Yoga Black, 13.3" FHD IPS Touch	20NN00FDMH	3			1	3	176	default_item.png	2020-03-05
177	904806042139	Lenovo ThinkPad X390 Yoga Black, 13.3" FHD IPS Touch	20NN00FDMH	3			1	8	177	default_item.png	2020-03-06
178	699163648448	Lenovo ThinkPad X390 Yoga Black, 13.3" FHD IPS Touch	20NN00FDMH	3			1	6	178	default_item.png	2020-03-07
179	782676668922	Lenovo ThinkPad X390 Yoga Black, 13.3" FHD IPS Touch	20NN00FDMH	3			1	9	179	default_item.png	2020-03-08
180	580828630538	Lenovo ThinkPad X390 Yoga Black, 13.3" FHD IPS Touch	20NN00FDMH	3			1	7	180	default_item.png	2020-03-09
181	606812601741	Lenovo ThinkPad X390 Yoga Black, 13.3" FHD IPS Touch	20NN00FDMH	3			1	6	181	default_item.png	2020-03-10
182	505949441178	Lenovo ThinkPad X390 Yoga Black, 13.3" FHD IPS Touch	20NN00FDMH	3			1	5	182	default_item.png	2020-03-11
183	409184870530	Lenovo ThinkPad X390 Yoga Black, 13.3" FHD IPS Touch	20NN00FDMH	3			1	5	183	default_item.png	2020-03-12
184	865279689208	Lenovo ThinkPad X390 Yoga Black, 13.3" FHD IPS Touch	20NN00FDMH	3			1	4	184	default_item.png	2020-03-13
185	227898246224	Lenovo ThinkPad X390 Yoga Black, 13.3" FHD IPS Touch	20NN00FDMH	3			1	8	185	default_item.png	2020-03-14
186	293756313665	Lenovo ThinkPad X390 Yoga Black, 13.3" FHD IPS Touch	20NN00FDMH	3			1	10	186	default_item.png	2020-03-15
187	471371961737	Lenovo ThinkPad X390 Yoga Black, 13.3" FHD IPS Touch	20NN00FDMH	3			1	6	187	default_item.png	2020-03-16
188	187728483017	Lenovo ThinkPad X390 Yoga Black, 13.3" FHD IPS Touch	20NN00FDMH	3			1	3	188	default_item.png	2020-03-17
189	861783658681	Lenovo ThinkPad X390 Yoga Black, 13.3" FHD IPS Touch	20NN00FDMH	3			1	2	189	default_item.png	2020-03-18
190	287892044855	Lenovo ThinkPad X390 Yoga Black, 13.3" FHD IPS Touch	20NN00FDMH	3			1	8	190	default_item.png	2020-03-19
191	378406623527	Lenovo ThinkPad X390 Yoga Black, 13.3" FHD IPS Touch	20NN00FDMH	3			1	1	191	default_item.png	2020-03-20
192	817525824167	Lenovo ThinkPad X390 Yoga Black, 13.3" FHD IPS Touch	20NN00FDMH	3			1	1	192	default_item.png	2020-03-21
193	407817830482	Lenovo ThinkPad X390 Yoga Black, 13.3" FHD IPS Touch	20NN00FDMH	3			1	1	193	default_item.png	2020-03-22
194	750217763795	Lenovo ThinkPad X390 Yoga Black, 13.3" FHD IPS Touch	20NN00FDMH	3			1	2	194	default_item.png	2020-03-23
195	365058099353	Lenovo ThinkPad X390 Yoga Black, 13.3" FHD IPS Touch	20NN00FDMH	3			1	3	195	default_item.png	2020-03-24
196	579441720796	Lenovo ThinkPad X390 Yoga Black, 13.3" FHD IPS Touch	20NN00FDMH	3			1	5	196	default_item.png	2020-03-25
197	447499618737	Lenovo ThinkPad X390 Yoga Black, 13.3" FHD IPS Touch	20NN00FDMH	3			1	6	197	default_item.png	2020-03-26
198	161856782811	Lenovo ThinkPad X390 Yoga Black, 13.3" FHD IPS Touch	20NN00FDMH	3			1	4	198	default_item.png	2020-03-01
199	438106090827	Lenovo ThinkPad X390 Yoga Black, 13.3" FHD IPS Touch	20NN00FDMH	3			1	2	199	default_item.png	2020-03-01
200	369912251735	Lenovo ThinkPad X390 Yoga Black, 13.3" FHD IPS Touch	20NN00FDMH	3			1	3		default_item.png	2020-03-01
201	814398253856	Lenovo ThinkPad X390 Yoga Black, 13.3" FHD IPS Touch	20NN00FDMH	3			1	8		default_item.png	2020-03-01
202	988077697147	Lenovo ThinkPad X390 Yoga Black, 13.3" FHD IPS Touch	20NN00FDMH	3			1	6		default_item.png	2020-03-01
203	553064502903	Lenovo ThinkPad X390 Yoga Black, 13.3" FHD IPS Touch	20NN00FDMH	3			1	9		default_item.png	2020-03-01
204	437955701282	Lenovo ThinkPad X390 Yoga Black, 13.3" FHD IPS Touch	20NN00FDMH	3			1	7		default_item.png	2020-03-01
205	369177284920	Lenovo ThinkPad X390 Yoga Black, 13.3" FHD IPS Touch	20NN00FDMH	3			1	6		default_item.png	2020-03-01
206	471311533676	Lenovo ThinkPad X390 Yoga Black, 13.3" FHD IPS Touch	20NN00FDMH	3			1	5		default_item.png	2020-03-01
207	201268824278	Lenovo ThinkPad X390 Yoga Black, 13.3" FHD IPS Touch	20NN00FDMH	3			1	5		default_item.png	2020-03-01
208	120178625750	Lenovo ThinkPad X390 Yoga Black, 13.3" FHD IPS Touch	20NN00FDMH	3			1	4		default_item.png	2020-03-01
209	148506246144	Lenovo ThinkPad X390 Yoga Black, 13.3" FHD IPS Touch	20NN00FDMH	3			1	8		default_item.png	2020-03-01
210	242554988520	Lenovo ThinkPad X390 Yoga Black, 13.3" FHD IPS Touch	20NN00FDMH	3			1	10		default_item.png	2020-03-01
211	602628819004	Lenovo ThinkPad X390 Yoga Black, 13.3" FHD IPS Touch	20NN00FDMH	3			1	6		default_item.png	2020-03-01
212	182778507393	Lenovo ThinkPad X390 Yoga Black, 13.3" FHD IPS Touch	20NN00FDMH	3			1	3		default_item.png	2020-03-01
213	125028591945	Lenovo ThinkPad X390 Yoga Black, 13.3" FHD IPS Touch	20NN00FDMH	3			1	2		default_item.png	2020-03-01
214	181372958820	Lenovo ThinkPad X390 Yoga Black, 13.3" FHD IPS Touch	20NN00FDMH	3			1	8		default_item.png	2020-03-01
215	446962582781	Lenovo ThinkPad X390 Yoga Black, 13.3" FHD IPS Touch	20NN00FDMH	3			1	1		default_item.png	2020-03-01
216	937092254409	Lenovo ThinkPad X390 Yoga Black, 13.3" FHD IPS Touch	20NN00FDMH	3			1	1		default_item.png	2020-03-01
217	303186369227	Lenovo ThinkPad X390 Yoga Black, 13.3" FHD IPS Touch	20NN00FDMH	3			1	1		default_item.png	2020-03-01
218	189427269123	Lenovo ThinkPad X390 Yoga Black, 13.3" FHD IPS Touch	20NN00FDMH	3			1	2		default_item.png	2020-03-01
219	558976096750	Lenovo ThinkPad X390 Yoga Black, 13.3" FHD IPS Touch	20NN00FDMH	3			1	3		default_item.png	2020-03-01
220	164560163226	Lenovo ThinkPad X390 Yoga Black, 13.3" FHD IPS Touch	20NN00FDMH	3			1	5		default_item.png	2020-03-01
221	437329827546	Lenovo ThinkPad X390 Yoga Black, 13.3" FHD IPS Touch	20NN00FDMH	3			1	6		default_item.png	2020-03-01
222	658587806233	Lenovo ThinkPad X390 Yoga Black, 13.3" FHD IPS Touch	20NN00FDMH	3			1	4		default_item.png	2020-03-01
223	779645435829	Lenovo ThinkPad X390 Yoga Black, 13.3" FHD IPS Touch	20NN00FDMH	3			1	2		default_item.png	2020-03-02
224	232389634835	Lenovo ThinkPad X390 Yoga Black, 13.3" FHD IPS Touch	20NN00FDMH	3			1	3		default_item.png	2020-03-03
225	827060683035	Lenovo ThinkPad T590 Black, 15.6" FHD IPS, Core i7-8565U, 16GB	20N4004DMH	3			1	8		default_item.png	2020-03-04
226	636370236346	Lenovo ThinkPad T590 Black, 15.6" FHD IPS, Core i7-8565U, 16GB	20N4004DMH	3			1	6		default_item.png	2020-03-05
227	379484306626	Lenovo ThinkPad T590 Black, 15.6" FHD IPS, Core i7-8565U, 16GB	20N4004DMH	3			1	9		default_item.png	2020-03-06
228	252500671298	Lenovo ThinkPad T590 Black, 15.6" FHD IPS, Core i7-8565U, 16GB	20N4004DMH	3			1	7		default_item.png	2020-03-07
229	471468277665	Lenovo ThinkPad T590 Black, 15.6" FHD IPS, Core i7-8565U, 16GB	20N4004DMH	3			1	6		default_item.png	2020-03-08
230	862346473253	Lenovo ThinkPad T590 Black, 15.6" FHD IPS, Core i7-8565U, 16GB	20N4004DMH	3			1	5		default_item.png	2020-03-09
231	814009097329	Lenovo ThinkPad T590 Black, 15.6" FHD IPS, Core i7-8565U, 16GB	20N4004DMH	3			1	5		default_item.png	2020-03-10
232	404770074598	Lenovo ThinkPad T590 Black, 15.6" FHD IPS, Core i7-8565U, 16GB	20N4004DMH	3			1	4		default_item.png	2020-03-11
233	260136046714	Lenovo ThinkPad T590 Black, 15.6" FHD IPS, Core i7-8565U, 16GB	20N4004DMH	3			1	8		default_item.png	2020-03-12
234	977581869857	Lenovo ThinkPad T590 Black, 15.6" FHD IPS, Core i7-8565U, 16GB	20N4004DMH	3			1	10		default_item.png	2020-03-13
235	204100066502	Lenovo ThinkPad T590 Black, 15.6" FHD IPS, Core i7-8565U, 16GB	20N4004DMH	3			1	6		default_item.png	2020-03-01
236	577715971541	Lenovo ThinkPad T590 Black, 15.6" FHD IPS, Core i7-8565U, 16GB	20N4004DMH	3			1	3		default_item.png	2020-03-01
237	579306364141	Lenovo ThinkPad T590 Black, 15.6" FHD IPS, Core i7-8565U, 16GB	20N4004DMH	3			1	2		default_item.png	2020-03-02
238	245326831704	Lenovo ThinkPad T590 Black, 15.6" FHD IPS, Core i7-8565U, 16GB	20N4004DMH	3			1	8		default_item.png	2020-03-03
239	339546095407	Lenovo ThinkPad T590 Black, 15.6" FHD IPS, Core i7-8565U, 16GB	20N4004DMH	3			1	1		default_item.png	2020-03-04
240	586984514338	Lenovo ThinkPad T590 Black, 15.6" FHD IPS, Core i7-8565U, 16GB	20N4004DMH	3			1	1		default_item.png	2020-03-05
241	381031148567	Lenovo ThinkPad T590 Black, 15.6" FHD IPS, Core i7-8565U, 16GB	20N4004DMH	3			1	1		default_item.png	2020-03-06
242	239808694851	Lenovo ThinkPad T590 Black, 15.6" FHD IPS, Core i7-8565U, 16GB	20N4004DMH	3			1	2		default_item.png	2020-03-07
243	163800529317	Lenovo ThinkPad T590 Black, 15.6" FHD IPS, Core i7-8565U, 16GB	20N4004DMH	3			1	3		default_item.png	2020-03-08
244	522541488892	Lenovo ThinkPad T590 Black, 15.6" FHD IPS, Core i7-8565U, 16GB	20N4004DMH	3			1	5		default_item.png	2020-03-09
245	566689835790	Lenovo ThinkPad T590 Black, 15.6" FHD IPS, Core i7-8565U, 16GB	20N4004DMH	3			1	6		default_item.png	2020-03-10
246	490419642536	Lenovo ThinkPad T590 Black, 15.6" FHD IPS, Core i7-8565U, 16GB	20N4004DMH	3			1	4		default_item.png	2020-03-11
247	455372790522	Lenovo ThinkPad T590 Black, 15.6" FHD IPS, Core i7-8565U, 16GB	20N4004DMH	3			1	2		default_item.png	2020-03-12
248	192615021376	Lenovo ThinkPad T590 Black, 15.6" FHD IPS, Core i7-8565U, 16GB	20N4004DMH	3			1	3		default_item.png	2020-03-13
249	387974571058	Lenovo ThinkPad T590 Black, 15.6" FHD IPS, Core i7-8565U, 16GB	20N4004DMH	3			1	8		default_item.png	2020-03-14
250	127133343907	Lenovo ThinkPad T590 Black, 15.6" FHD IPS, Core i7-8565U, 16GB	20N4004DMH	3			1	6		default_item.png	2020-03-15
251	382576366707	Philips 325E1C/00, 31,5''	325E1C/00	16		WQHD 2560x1440	2	9		default_item.png	2020-03-16
252	569845858147	Philips 325E1C/00, 31,5''	325E1C/00	16		WQHD 2560x1440	2	7		default_item.png	2020-03-17
253	606905523095	Philips 325E1C/00, 31,5''	325E1C/00	16		WQHD 2560x1440	2	6		default_item.png	2020-03-18
254	809052332621	Philips 325E1C/00, 31,5''	325E1C/00	16		WQHD 2560x1440	2	5		default_item.png	2020-03-19
255	828393135110	Philips 325E1C/00, 31,5''	325E1C/00	16		WQHD 2560x1440	2	5		default_item.png	2020-03-20
256	984820620027	Philips 325E1C/00, 31,5''	325E1C/00	16		WQHD 2560x1440	2	4		default_item.png	2020-03-21
257	634925702950	Samsung U32R59, 31.5"	U32R59	19		4K UHD 3840x2160	2	8		default_item.png	2020-03-22
258	427864245052	Samsung U32R59, 31.5"	U32R59	19		4K UHD 3840x2160	2	10		default_item.png	2020-03-23
259	314080589627	Samsung U32R59, 31.5"	U32R59	19		4K UHD 3840x2160	2	6		default_item.png	2020-03-24
260	300173793504	Samsung U32R59, 31.5"	U32R59	19		4K UHD 3840x2160	2	3		default_item.png	2020-03-25
261	316770857241	Samsung U32R59, 31.5"	U32R59	19		4K UHD 3840x2160	2	2		default_item.png	2020-03-26
262	209845046487	Dell UP3218K, 31.5"	DELL-UP3218K	7		8K FUHD 7680 x 4320	2	8		default_item.png	2020-03-27
263	512075387592	Dell UP3218K, 31.5"	DELL-UP3218K	7		8K FUHD 7680 x 4320	2	1		default_item.png	2020-03-28
264	298683925725	iPhone 6S+ Space Gray 16GB	MKU12ET/A	1		OS: iOS 11.4.6	3	1		default_item.png	2020-03-29
265	485636101486	iPhone 6 Plus Space Gray	MGA82ET/A	1		OS: iOS 12.2.6	3	1		default_item.png	2020-03-01
266	414041841243	iPhone 5S Space Gray 16GB	ME296LL/A	1		OS: iOS 12.4.6	3	2		default_item.png	2020-03-01
267	672019175194	iPod Touch 5th Gen 32GB Red	MD749LL/A	1		OS: iOS 14.0.1	3	3		default_item.png	2020-03-01
268	866229105015	iPad Air 2 Wi-Fi 16GB Silver 	MGLW2HC/A	1		OS: iOS 11.0.1	3	5		default_item.png	2020-03-01
269	907068521999	Apple iPhone 5c 16GB Green	ME496LL/A	1		OS: iOS 9.2 (13C75)	3	6		default_item.png	2020-03-01
270	810009866181	iPhone 5S 16gb Gold	ME434KS/A	1		OS: iOS 12.4.1	3	4		default_item.png	2020-03-01
271	514510338856	iPhone 4 8GB White 	MD198DN/A	1		OS: iOS 6.1	3	2		default_item.png	2020-03-01
272	815394156431	iPhone 3GS 8GB	MC637B/A	1		OS: iOS 6.1.6	3	3		default_item.png	2020-03-01
273	602244961118	iPhone 4s 16GB black 	MD235KS/A	1		OS: iOS 9.3.5	3	8		default_item.png	2020-03-01
274	279725730029	iPhone 5 16GB Black	MD297KS/A	1		OS: iOS 10.3.3	3	6		default_item.png	2020-03-01
275	914837064993	iPhone 4S 8GB Black	MF265DN/A	1		OS: iOS 7.1	3	9		default_item.png	2020-03-01
276	268572620860	iPad Mini 4 Wi-Fi 16GB Silver	MK6K2HC/A	1		OS: iOS 11.0.1	3	7		default_item.png	2020-03-01
277	232320936266	Apple iPhone 3GS 32GB Black	MC133EE/A	1		OS: iOS 6.1.6	3	6		default_item.png	2020-03-01
278	595680824556	iPhone 11 Pro Max 64GB Space Grey	MWHD2ET/A	1		OS: iOS 13	3	5		default_item.png	2020-03-01
279	548909929749	iPhone 11 Pro 64GB Space Grey	MWC22ET/A	1		OS: iOS 13	3	5		default_item.png	2020-03-01
280	196747518281	iPad 10.2" 32GB WiFi Space Grey	MW742HC/A	1		OS: iOS 13	3	4		default_item.png	2020-03-01
281	279946575472	iPhone XS 64GB Gold	MT9G2ET/A	1		OS: iOS 13	3	8		default_item.png	2020-03-01
282	120828895645	iPad Pro 12.9" 2020 128GB WiFi Space Grey	MY2H2HC/A	1		OS: iOS 13	3	10		default_item.png	2020-03-01
283	587570319020	iPhone 8 64GB Space Grey	MQ6G2ET/A	1		OS: iOS 13	3	6		default_item.png	2020-03-01
284	396767629474	iPad Air 10.5" 64GB WiFi Space Grey	MUUJ2HC/A	1		OS: iOS 13	3	3		default_item.png	2020-03-01
285	879540553618	iPhone XR 64GB Black	MRY42ET/A	1		OS: iOS 13	3	2		default_item.png	2020-03-01
286	818997644178	iPad Air 10.5" 64GB WiFi Space Grey	MUUJ2HC/A	1		OS: iOS 13	3	8		default_item.png	2020-03-01
287	379941344343	iPhone XR 64GB Black	MRY42ET/A	1		OS: iOS 13	3	1		default_item.png	2020-03-02
288	756110407018	New Apple iPhone SE 64GB, Black	MRE42ET/B	1		OS: iOS 13	3	1		default_item.png	2020-03-03
289	689787246737	Apple iPad 7th Gen 10.2 32GB WiFi Gold	MRY42ET/D	1		OS: iOS 13	3	1		default_item.png	2020-03-04
290	322798805159	Apple iPad 8th Gen 10.2" Wi-Fi (2020) 32GB Space Grey 	MUAJ2HC/C	1		OS: iOS 13	3	2	156	default_item.png	2020-03-05
291	273511882639	Apple iPad Pro 11 Wi-Fi (2020) 128GB Silver	MRA42ET/A	1		OS: iOS 13	3	1	157	default_item.png	2020-03-06
292	755079382123	Apple iPad 8th Gen 10.2" Wi-Fi (2020) 128GB Space Grey	MEE42ET/A	1		OS: iOS 13	3	1	158	default_item.png	2020-03-07
293	342099627605	Iphone 11 64gb black	MRE42ET/A	1		OS: iOS 14	3	1	159	default_item.png	2020-03-08
294	897086208636	Apple iPhone SE 2020, 128GB White	MUUA2HC/A	1		OS: iOS 15	3	2	160	default_item.png	2020-03-09
295	549280898850	Apple iPhone XR 64GB Red	MRY42ET/A	1		OS: iOS 16	3	1	161	default_item.png	2020-03-10
296	688785213898	Apple iPhone 11 Pro 64GB Gold	MRE42ET/A	1		OS: iOS 17	3	1	162	default_item.png	2020-03-11
297	866147764589	iPod Touch 5th Gen 32GB Red	MD749LL/A	1		OS: iOS 14.0.1	3	1	163	default_item.png	2020-03-12
298	439616958946	iPad Air 2 Wi-Fi 16GB Silver 	MGLW2HC/A	1		OS: iOS 11.0.1	3	2	164	default_item.png	2020-03-13
299	238186152629	Apple iPhone 5c 16GB Green	ME496LL/A	1		OS: iOS 9.2 (13C75)	3	1	165	default_item.png	2020-03-14
300	906152338651	iPhone 5S 16gb Gold	ME434KS/A	1		OS: iOS 12.4.1	3	1	166	default_item.png	2020-03-15
301	380774408286	iPhone 4 8GB White 	MD198DN/A	1		OS: iOS 6.1	3	1	167	default_item.png	2020-03-16
302	685095891638	iPhone 3GS 8GB	MC637B/A	1		OS: iOS 6.1.6	3	2	168	default_item.png	2020-03-17
303	539345345242	iPhone 4s 16GB black 	MD235KS/A	1		OS: iOS 9.3.5	3	1	169	default_item.png	2020-03-18
304	608981470317	iPhone 5 16GB Black	MD297KS/A	1		OS: iOS 10.3.3	3	1	170	default_item.png	2020-03-19
305	939200156702	iPhone 4S 8GB Black	MF265DN/A	1		OS: iOS 7.1	3	1	171	default_item.png	2020-03-20
306	648268202968	iPad Mini 4 Wi-Fi 16GB Silver	MK6K2HC/A	1		OS: iOS 11.0.1	3	2	172	default_item.png	2020-03-21
307	333825330924	Apple iPhone 3GS 32GB Black	MC133EE/A	1		OS: iOS 6.1.6	3	1	173	default_item.png	2020-03-22
308	622901060713	iPhone 11 Pro Max 64GB Space Grey	MWHD2ET/A	1		OS: iOS 13	3	1	174	default_item.png	2020-03-23
309	998041252351	iPhone 11 Pro 64GB Space Grey	MWC22ET/A	1		OS: iOS 13	3	1	175	default_item.png	2020-03-24
310	386518898906	iPad 10.2" 32GB WiFi Space Grey	MW742HC/A	1		OS: iOS 13	3	2	176	default_item.png	2020-03-25
311	600581371997	iPad Air 10.5" 64GB WiFi Space Grey	MUUJ2HC/A	1		OS: iOS 13	3	1	177	default_item.png	2020-03-26
312	726075480475	iPhone XR 64GB Black	MRY42ET/A	1		OS: iOS 13	3	1	178	default_item.png	2020-03-27
313	452257299574	New Apple iPhone SE 64GB, Black	MRE42ET/B	1		OS: iOS 13	3	1	179	default_item.png	2020-03-28
314	289529322202	Apple iPad 7th Gen 10.2 32GB WiFi Gold	MRY42ET/D	1		OS: iOS 13	3	2	180	default_item.png	2020-03-29
315	690557580251	Apple iPad 8th Gen 10.2" Wi-Fi (2020) 32GB Space Grey 	MUAJ2HC/C	1		OS: iOS 13	3	1	181	default_item.png	2020-03-01
316	919450787960	Apple iPad Pro 11 Wi-Fi (2020) 128GB Silver	MRA42ET/A	1		OS: iOS 13	3	1	182	default_item.png	2020-03-01
317	787011657814	Apple iPad 8th Gen 10.2" Wi-Fi (2020) 128GB Space Grey	MEE42ET/A	1		OS: iOS 13	3	1	183	default_item.png	2020-04-01
318	626208050569	Iphone 11 64gb black	MRE42ET/A	1		OS: iOS 14	3	2	184	default_item.png	2020-04-02
319	504171458108	Apple iPhone SE 2020, 128GB White	MUUA2HC/A	1		OS: iOS 15	3	1		default_item.png	2020-04-03
320	836298522195	iPad Air 2 Wi-Fi 16GB Silver 	MGLW2HC/A	1		OS: iOS 11.0.1	3	1		default_item.png	2020-04-04
321	524377406697	Apple iPhone 5c 16GB Green	ME496LL/A	1		OS: iOS 9.2 (13C75)	3	1		default_item.png	2020-04-05
322	997672979713	iPhone 5S 16gb Gold	ME434KS/A	1		OS: iOS 12.4.1	3	2		default_item.png	2020-04-06
323	143182385932	iPhone 4 8GB White 	MD198DN/A	1		OS: iOS 6.1	3	1		default_item.png	2020-04-07
324	707840592782	Asus PadFone X mini	1323895/0A	5		Android 4.4 "KitKat"	3	1		default_item.png	2020-04-08
325	816456748602	Asus Pegasus (X002)	3589727/0A	5		Android 4.4 "KitKat"	3	1	6	default_item.png	2020-04-09
326	303728322914	Asus ZenFone 5 (2015)	1258428/9A	5		Android 4.1 "Jelly Bean"	3	2	7	default_item.png	2020-04-10
327	739909351478	Asus ZenFone 2	6379459/5A	5		Android 5.0 "Lollipop"	3	1	8	default_item.png	2020-04-11
328	856690959054	Asus ZenFone 3	3644236/2A	5		Android 6.0 "Marshmallow"	3	1	9	default_item.png	2020-04-12
329	845355100392	Asus ZenFone 4	9136622/6A	5		Android 7.0 "Nougat"	3	1	10	default_item.png	2020-04-13
330	716768759131	Asus ZenFone Max Plus M1	1838519/6A	5		Android 7.0 "Nougat"	3	2	11	default_item.png	2020-04-14
331	834970270950	Asus ZenFone Max M1	6653190/8A	5		Android 8.0 "Oreo"	3	1	12	default_item.png	2020-04-15
332	402346302220	Asus ZenFone Max Pro M1	3488296/2A	5		Android 8.0 "Oreo"	3	1	13	default_item.png	2020-04-16
333	198615815641	Asus ZenFone 5	3510521/9A	5		Android 8.0 "Oreo"	3	1	14	default_item.png	2020-04-17
334	570953010761	Asus ZenFone Live L1	3092282/9A	5		Android 8.0 "Oreo"	3	2	15	default_item.png	2020-04-18
335	781646610708	Asus ROG Phone	4520662/3A	5		Android 8.0 "Oreo"	3	1	16	default_item.png	2020-04-19
336	995350065340	Asus ZenFone Lite L1	2290038/6A	5		Android 8.0 "Oreo"	3	1	17	default_item.png	2020-04-20
337	792386171464	Asus ZenFone Max M2	3279849/4A	5		Android 9.0 "Pie"	3	1	18	default_item.png	2020-04-21
338	764522450940	Asus ZenFone Max Pro M2	3482379/7A	5		Android 9.0 "Pie"	3	2	19	default_item.png	2020-04-22
339	725084442884	Asus ZenFone Max Shot	7314460/8A	5		Android 8.0 "Oreo"	3	1	20	default_item.png	2020-04-23
340	584643796576	Asus ZenFone Max Plus M2	6506912/7A	5		Android 8.0 "Oreo"	3	1	21	default_item.png	2020-04-24
341	448410653347	Asus ZenFone Live L2	6678604/9A	5		Android 8.0 "Oreo"	3	1	22	default_item.png	2020-04-25
342	963996191957	Asus ZenFone 6	6765933/0A	5		Android 9.0 "Pie"	3	2		default_item.png	2020-04-26
343	705315482728	Asus ROG Phone II	1755316/9A	5		Android 9.0 "Pie"	3	1		default_item.png	2020-04-27
344	449283181003	Asus ROG Phone 3	3947479/4A	5		Android 10	3	1		default_item.png	2020-04-28
345	674930466989	Asus ZenFone 7	4858682/9A	5		Android 10	3	1		default_item.png	2020-04-29
346	778967637180	Samsung Galaxy Z Flip	7035621/3SA	19		Android 10	3	2		default_item.png	2020-04-30
347	827758217252	Samsung Galaxy S20/+/Ultra	7970780/7SA	19		Android 10	3	1		default_item.png	2020-05-01
348	991793264263	Samsung Galaxy Z Flip 5G	7359628/4SA	19		Android 10	3	1		default_item.png	2020-05-02
349	978594930938	Samsung Galaxy Note 20/Ultra	8763270/4SA	19		Android 10	3	1		default_item.png	2020-05-03
350	842598099044	Samsung Galaxy Z Fold 2	4038960/3SA	19		Android 10	3	2		default_item.png	2020-05-04
351	172163397731	Samsung Galaxy S20 FE	6047808/5SA	19		Android 10	3	1		default_item.png	2020-05-05
352	989970560248	Sony Xperia 1 II	6833015/9SA	19		Android 10	3	1		default_item.png	2020-05-06
353	391987567153	Sony Xperia 10 II	7215341/9SA	19		Android 10	3	1		default_item.png	2020-05-07
354	375070440577	Sony Xperia 5 II	2911134/8SA	19		Android 10	3	2		default_item.png	2020-05-08
355	249819481897	Samsung Galaxy S10/e/+	5528753/5SA	19		Android 9.0 "Pie"	3	1		default_item.png	2020-05-09
356	663912512595	Samsung Galaxy S10 5G	3650145/8SA	19		Android 9.0 "Pie"	3	1		default_item.png	2020-05-10
357	199582917613	Samsung Galaxy Note 10/+	9222367/6SA	19		Android 9.0 "Pie"	3	1		default_item.png	2020-05-11
358	783364682943	Samsung Galaxy Fold	3314226/9SA	19		Android 9.0 "Pie"	3	2		default_item.png	2020-05-12
359	733880602839	Sony Xperia XZ3	8875434/0SA	19		Android 9.0 "Pie"	3	1		default_item.png	2020-05-13
360	926174082793	Sony Xperia 10/Plus	6942762/3SA	19		Android 9.0 "Pie"	3	1		default_item.png	2020-05-14
361	546623894149	Sony Xperia 1	5100534/1SA	19		Android 9.0 "Pie"	3	1		default_item.png	2020-05-15
362	710875480913	Sony Xperia 5	1929220/4SA	19		Android 9.0 "Pie"	3	2		default_item.png	2020-05-16
363	806411363071	Sony Xperia 8	8747013/8SA	19		Android 9.0 "Pie"	3	1		default_item.png	2020-05-17
364	849141712780	Sony Xperia L4	9911144/3SA	19		Android 9.0 "Pie"	3	1		default_item.png	2020-05-18
365	727602574527	POCO M2 Pro	4399055/4XI	21		Android 10	3	1		default_item.png	2020-05-19
366	629747005257	Xiaomi Mi 10 Ultra	2334091/1XI	21		Android 10	3	2		default_item.png	2020-05-20
367	873786855204	POCO X3 NFC	2056993/3XI	21		Android 10	3	1		default_item.png	2020-05-21
368	478919964964	POCO M2	4240584/2XI	21		Android 10	3	1		default_item.png	2020-05-22
369	443112003781	POCO X3	7215378/8XI	21		Android 10	3	1		default_item.png	2020-05-23
370	844428571809	Xiaomi Mi 10T/Pro/Lite	6167463/8XI	21		Android 10	3	2		default_item.png	2020-05-24
371	558168945566	Xiaomi Mi MIX 3	2169175/5XI	21		Android 9.0 "Pie"	3	1		default_item.png	2020-05-25
372	705450855880	Xiaomi Mi 9/SE	1472992/1XI	21		Android 9.0 "Pie"	3	1		default_item.png	2020-05-26
373	136227084503	Xiaomi Black Shark 2	5468988/6XI	21		Android 9.0 "Pie"	3	1		default_item.png	2020-05-27
374	204377211325	Xiaomi Mi MIX 3 5G	605562/5XI	21		Android 9.0 "Pie"	3	2		default_item.png	2020-05-28
375	938653217468	Xiaomi Mi 9T	2987740/7XI	21		Android 9.0 "Pie"	3	1		default_item.png	2020-05-29
376	835962650868	Xiaomi Mi A3	5439601/3XI	21		Android 9.0 "Pie"	3	1		default_item.png	2020-05-30
377	601903443400	Nexus One	1077631/G8GI	8		Android 2.0 "Eclair"	3	1	172	default_item.png	2020-03-01
378	258258553271	Nexus S	1836916/G9GI	8		Android 2.3 "Gingerbread"	3	2	173	default_item.png	2020-03-02
379	210646610278	Galaxy Nexus	3860299/G7GI	8		Android 4.0 "Ice Cream Sandwich"	3	1	174	default_item.png	2020-03-03
380	423793823475	Nexus 4	9553156/G4GI	8		Android 4.1 "Jelly Bean"	3	1	175	default_item.png	2020-03-04
381	545877902327	Nexus 5	4793380/G1GI	8		Android 4.4 "KitKat"	3	1	176	default_item.png	2020-03-05
382	761504223796	Nexus 6	4118255/G9GI	8		Android 5.0 "Lollipop"	3	2	177	default_item.png	2020-03-06
383	339402597789	Nexus 5X	7996084/G8GI	8		Android 6.0 "Marshmallow"	3	1	178	default_item.png	2020-03-07
384	976061906983	Meizu 17/Pro	1597728/1MOTO	13		Android 10	3	1	179	default_item.png	2020-03-08
385	316091669848	Motorola One Hyper	2661175/1MOTO	13		Android 10	3	1	180	default_item.png	2020-03-09
386	951369148736	Moto G8 Power	540552/7MOTO	13		Android 10	3	2	181	default_item.png	2020-03-10
387	197664463403	Moto G Power/Stylus	8476399/8MOTO	13		Android 10	3	1	182	default_item.png	2020-03-11
388	432398330929	Moto G8	2446144/5MOTO	13		Android 10	3	1	183	default_item.png	2020-03-12
389	735013202405	Motorola Edge/Edge+	1315608/9MOTO	13		Android 10	3	1	184	default_item.png	2020-03-13
390	624790718186	Moto G Pro	5717901/8MOTO	13		Android 10	3	2		default_item.png	2020-03-14
391	552499116170	Moto E (2020)	9319431/0MOTO	13		Android 10	3	1		default_item.png	2020-03-15
392	954777212207	Moto G Fast	8991130/0MOTO	13		Android 10	3	1		default_item.png	2020-03-16
393	169002844527	Motorola One Fusion+	8568573/3MOTO	13		Android 10	3	1		default_item.png	2020-03-17
394	410780016815	AKG K812	ADI5279/4l	52	Augsta kvalitāte	labi skan	4	2		default_item.png	2020-03-18
395	747908529919	Audio Technica ESW11LTD	ADI7133/2l	50	Augsta kvalitāte	labi skan	4	1		default_item.png	2020-03-19
396	190227460703	Beyer DT1350/T51p Earpad	ADI8710/4l	51	Augsta kvalitāte	labi skan	4	1		default_item.png	2020-03-20
397	214418497390	AKG K712	ADI7697/2l	52	Augsta kvalitāte	labi skan	4	1		default_item.png	2020-03-21
398	901757027610	Grado PS500	ADI9619/8l	53	Augsta kvalitāte	labi skan	4	2		default_item.png	2020-03-22
399	779103000464	Grado PS1000e	ADI5830/5l	53	Augsta kvalitāte	labi skan	4	1		default_item.png	2020-03-23
400	585214615608	Koss KSC75	ADI6229/9l	54	Augsta kvalitāte	labi skan	4	1		default_item.png	2020-03-01
401	438170888467	Superlux HD681	ADI8404/8l	55	Augsta kvalitāte	labi skan	4	1		default_item.png	2020-03-01
402	837279469846	Superlux HD668B/Samson SR850	ADI9334/8l	55	Augsta kvalitāte	labi skan	4	2		default_item.png	2020-03-01
403	290393377048	AKG K812	ADI9854/4l	52	Augsta kvalitāte	labi skan	4	1		default_item.png	2020-03-01
404	904231802511	Audio Technica ESW11LTD	ADI6197/7l	50	Augsta kvalitāte	labi skan	4	1		default_item.png	2020-03-01
405	724301903182	Beyer DT1350/T51p Earpad	ADI7636/1l	51	Augsta kvalitāte	labi skan	4	1		default_item.png	2020-03-01
406	303971676119	AKG K712	ADI9791/2l	52	Augsta kvalitāte	labi skan	4	2		default_item.png	2020-03-01
407	258406723915	Grado PS500	ADI5285/2l	53	Augsta kvalitāte	labi skan	4	1		default_item.png	2020-03-01
408	664827595810	Grado PS1000e	ADI5246/6l	53	Augsta kvalitāte	labi skan	4	1		default_item.png	2020-03-01
409	792116635939	Koss KSC75	ADI8658/3l	54	Augsta kvalitāte	labi skan	4	1		default_item.png	2020-03-01
410	125654700230	Superlux HD681	ADI6647/2l	55	Augsta kvalitāte	labi skan	4	2		default_item.png	2020-03-01
411	785569140153	Superlux HD668B/Samson SR850	ADI6288/6l	55	Augsta kvalitāte	labi skan	4	1		default_item.png	2020-03-01
412	752724234413	Audio Technica ESW11LTD	ADI8792/8l	50	Augsta kvalitāte	labi skan	4	1		default_item.png	2020-03-01
413	590407906579	Beyer DT1350/T51p Earpad	ADI8664/9l	51	Augsta kvalitāte	labi skan	4	1		default_item.png	2020-03-01
414	124194859357	Bite - Numurs: 27305100		34	Bezlimita zvani un internets	Numurs: 27305100	4	2		default_item.png	2020-03-01
415	876399862603	Bite - Numurs: 27432797		34	Bezlimita zvani un internets	Numurs: 27432797	4	1		default_item.png	2020-03-01
416	166835387365	Bite - Numurs: 27838696		34	Bezlimita zvani un internets	Numurs: 27838696	4	1		default_item.png	2020-03-01
417	531394110748	Bite - Numurs: 28812609		34	Bezlimita zvani un internets	Numurs: 28812609	4	1		default_item.png	2020-03-01
418	597957491069	Bite - Numurs: 26184048		34	Bezlimita zvani un internets	Numurs: 26184048	4	2		default_item.png	2020-03-01
419	964686955378	Bite - Numurs: 29903110		34	Bezlimita zvani un internets	Numurs: 29903110	4	1		default_item.png	2020-03-01
420	200265790149	Bite - Numurs: 25343947		34	Bezlimita zvani un internets	Numurs: 25343947	4	1		default_item.png	2020-03-02
421	237502601597	Bite - Numurs: 25970379		34	Bezlimita zvani un internets	Numurs: 25970379	4	1		default_item.png	2020-03-03
422	879137952645	Bite - Numurs: 28025521		34	Bezlimita zvani un internets	Numurs: 28025521	4	2		default_item.png	2020-03-04
423	729411935982	Bite - Numurs: 23515397		34	Bezlimita zvani un internets	Numurs: 23515397	4	1		default_item.png	2020-03-05
424	327286490506	Bite - Numurs: 22089011		34	Bezlimita zvani un internets	Numurs: 22089011	4	1		default_item.png	2020-03-06
425	737888229934	Bite - Numurs: 23681056		34	Bezlimita zvani un internets	Numurs: 23681056	4	1		default_item.png	2020-03-07
426	695719116612	Bite - Numurs: 28348713		34	Bezlimita zvani un internets	Numurs: 28348713	4	2		default_item.png	2020-03-08
427	921149756073	Bite - Numurs: 26489287		34	Bezlimita zvani un internets	Numurs: 26489287	4	1		default_item.png	2020-03-09
428	241356527331	Bite - Numurs: 25824980		34	Bezlimita zvani un internets	Numurs: 25824980	4	1		default_item.png	2020-03-10
429	985493602737	Bite - Numurs: 26394488		34	Bezlimita zvani un internets	Numurs: 26394488	4	1		default_item.png	2020-03-11
430	751588460547	Bite - Numurs: 26794476		34	Bezlimita zvani un internets	Numurs: 26794476	4	2		default_item.png	2020-03-12
431	670813868963	Tele2 - Numurs: 23325759		35	Bezlimita zvani un internets	Numurs: 23325759	4	1		default_item.png	2020-03-13
432	195101900349	Tele2 - Numurs: 21898124		35	Bezlimita zvani un internets	Numurs: 21898124	4	1		default_item.png	2020-03-14
433	156788521423	Tele2 - Numurs: 21480989		35	Bezlimita zvani un internets	Numurs: 21480989	4	1		default_item.png	2020-03-15
434	285216744854	Tele2 - Numurs: 25963478		35	Bezlimita zvani un internets	Numurs: 25963478	5	2		default_item.png	2020-03-16
435	247053796759	Tele2 - Numurs: 27914746		35	Bezlimita zvani un internets	Numurs: 27914746	5	1		default_item.png	2020-03-17
436	405760357671	Tele2 - Numurs: 22109937		35	Bezlimita zvani un internets	Numurs: 22109937	5	1		default_item.png	2020-03-18
437	322919573161	Tele2 - Numurs: 24048973		35	Bezlimita zvani un internets	Numurs: 24048973	5	1		default_item.png	2020-03-19
438	729119813667	Tele2 - Numurs: 27415698		35	Bezlimita zvani un internets	Numurs: 27415698	5	2		default_item.png	2020-03-20
439	192345974730	Tele2 - Numurs: 23771244		35	Bezlimita zvani un internets	Numurs: 23771244	5	1		default_item.png	2020-03-21
440	781956753593	Tele2 - Numurs: 21199347		35	Bezlimita zvani un internets	Numurs: 21199347	5	1		default_item.png	2020-03-22
441	756452174897	Tele2 - Numurs: 29904324		35	Bezlimita zvani un internets	Numurs: 29904324	5	1		default_item.png	2020-03-23
442	287037628067	Tele2 - Numurs: 25525355		35	Bezlimita zvani un internets	Numurs: 25525355	5	2		default_item.png	2020-03-24
443	451524924468	Tele2 - Numurs: 28551356		35	Bezlimita zvani un internets	Numurs: 28551356	5	1		default_item.png	2020-03-25
444	719185901445	Tele2 - Numurs: 22752856		35	Bezlimita zvani un internets	Numurs: 22752856	5	1		default_item.png	2020-03-26
445	737044502117	Tele2 - Numurs: 21942395		35	Bezlimita zvani un internets	Numurs: 21942395	5	1		default_item.png	2020-03-27
446	882528769650	Tele2 - Numurs: 26426980		35	Bezlimita zvani un internets	Numurs: 26426980	5	2		default_item.png	2020-03-28
447	724391180704	Tele2 - Numurs: 28673327		35	Bezlimita zvani un internets	Numurs: 28673327	5	1		default_item.png	2020-03-29
448	297653166850	Tele2 - Numurs: 25215060		35	Bezlimita zvani un internets	Numurs: 25215060	5	1		default_item.png	2020-03-01
449	700005380186	Tele2 - Numurs: 27978889		35	Bezlimita zvani un internets	Numurs: 27978889	5	1		default_item.png	2020-03-01
450	986523504500	Tele2 - Numurs: 26383909		35	Bezlimita zvani un internets	Numurs: 26383909	5	2		default_item.png	2020-04-01
451	125102828397	Tele2 - Numurs: 26104355		35	Bezlimita zvani un internets	Numurs: 26104355	5	1		default_item.png	2020-04-02
452	262224515758	Tele2 - Numurs: 24735781		35	Bezlimita zvani un internets	Numurs: 24735781	5	1		default_item.png	2020-04-03
453	172220153230	Tele2 - Numurs: 21890904		35	Bezlimita zvani un internets	Numurs: 21890904	5	1		default_item.png	2020-04-04
454	885579698215	Tele2 - Numurs: 21353415		35	Bezlimita zvani un internets	Numurs: 21353415	6	2		default_item.png	2020-04-05
455	743786633088	Tele2 - Numurs: 22463570		35	Bezlimita zvani un internets	Numurs: 22463570	6	1		default_item.png	2020-04-06
456	829380601046	Lmt - Numurs: 28093890		36	Bezlimita zvani un internets	Numurs: 28093890	6	1		default_item.png	2020-04-07
457	409596179152	Lmt - Numurs: 26810976		36	Bezlimita zvani un internets	Numurs: 26810976	6	1		default_item.png	2020-04-08
458	666280468295	Lmt - Numurs: 26331640		36	Bezlimita zvani un internets	Numurs: 26331640	6	2		default_item.png	2020-04-09
459	464705637743	Lmt - Numurs: 26580777		36	Bezlimita zvani un internets	Numurs: 26580777	6	1		default_item.png	2020-04-10
460	552744310284	Lmt - Numurs: 28905028		36	Bezlimita zvani un internets	Numurs: 28905028	6	1		default_item.png	2020-04-11
461	450187100594	Lmt - Numurs: 27647132		36	Bezlimita zvani un internets	Numurs: 27647132	6	1		default_item.png	2020-04-12
462	277873727921	Lmt - Numurs: 26755516		36	Bezlimita zvani un internets	Numurs: 26755516	6	2		default_item.png	2020-04-13
463	265331850163	Lmt - Numurs: 23661943		36	Bezlimita zvani un internets	Numurs: 23661943	6	1		default_item.png	2020-04-14
464	443484759872	Lmt - Numurs: 27983849		36	Bezlimita zvani un internets	Numurs: 27983849	6	1		default_item.png	2020-04-15
465	377284963752	Lmt - Numurs: 28538102		36	Bezlimita zvani un internets	Numurs: 28538102	6	1		default_item.png	2020-04-16
466	138997426785	Lmt - Numurs: 26434945		36	Bezlimita zvani un internets	Numurs: 26434945	6	2		default_item.png	2020-04-17
467	690518404106	Lmt - Numurs: 23786312		36	Bezlimita zvani un internets	Numurs: 23786312	6	1		default_item.png	2020-04-18
468	161854124554	Lmt - Numurs: 22320240		36	Bezlimita zvani un internets	Numurs: 22320240	6	1		default_item.png	2020-04-19
469	844770025482	Lmt - Numurs: 27736393		36	Bezlimita zvani un internets	Numurs: 27736393	6	1		default_item.png	2020-04-20
470	732474512864	Lmt - Numurs: 29451341		36	Bezlimita zvani un internets	Numurs: 29451341	6	2		default_item.png	2020-04-21
471	180299344704	Lmt - Numurs: 23707043		36	Bezlimita zvani un internets	Numurs: 23707043	6	1		default_item.png	2020-04-22
472	885841001139	Lmt - Numurs: 23059901		36	Bezlimita zvani un internets	Numurs: 23059901	6	1		default_item.png	2020-04-23
473	916957629691	Lmt - Numurs: 26113040		36	Bezlimita zvani un internets	Numurs: 26113040	6	1		default_item.png	2020-04-24
474	214719775797	Lmt - Numurs: 25117959		36	Bezlimita zvani un internets	Numurs: 25117959	6	2		default_item.png	2020-04-25
475	913022170254	Lmt - Numurs: 24814084		36	Bezlimita zvani un internets	Numurs: 24814084	6	1		default_item.png	2020-04-26
476	138552466928	Lmt - Numurs: 21294377		36	Bezlimita zvani un internets	Numurs: 21294377	6	1		default_item.png	2020-04-27
477	803041232366	Lmt - Numurs: 21082353		36	Bezlimita zvani un internets	Numurs: 21082353	6	1		default_item.png	2020-04-28
478	526251828135	Lmt - Numurs: 21841928		36	Bezlimita zvani un internets	Numurs: 21841928	6	2		default_item.png	2020-04-29
479	940615769123	Lmt - Numurs: 22316207		36	Bezlimita zvani un internets	Numurs: 22316207	6	1		default_item.png	2020-04-30
480	661302619053	Lmt - Numurs: 28736988		36	Bezlimita zvani un internets	Numurs: 28736988	6	1		default_item.png	2020-05-01
481	616602252147	Lmt - Numurs: 27945923		36	Bezlimita zvani un internets	Numurs: 27945923	6	1		default_item.png	2020-05-02
482	914965774010	Lmt - Numurs: 24655101		36	Bezlimita zvani un internets	Numurs: 24655101	6	2		default_item.png	2020-05-03
483	806542603995	Lmt - Numurs: 22530867		36	Bezlimita zvani un internets	Numurs: 22530867	6	1		default_item.png	2020-05-04
484	576169084963	Lmt - Numurs: 23432951		36	Bezlimita zvani un internets	Numurs: 23432951	6	1		default_item.png	2020-05-05
485	585216026484	Lmt - Numurs: 29819757		36	Bezlimita zvani un internets	Numurs: 29819757	6	1		default_item.png	2020-05-06
486	781726402901	Bite - Numurs: 27435029		34	Bezlimita zvani un internets	Numurs: 27435029	6	2	35	default_item.png	2020-05-07
487	988201805855	Bite - Numurs: 26769209		34	Bezlimita zvani un internets	Numurs: 26769209	6	1	36	default_item.png	2020-05-08
488	395922065827	Bite - Numurs: 23464775		34	Bezlimita zvani un internets	Numurs: 23464775	6	1	37	default_item.png	2020-05-09
489	512162130936	Bite - Numurs: 22991025		34	Bezlimita zvani un internets	Numurs: 22991025	6	1	38	default_item.png	2020-05-10
490	149435332042	Bite - Numurs: 28452971		34	Bezlimita zvani un internets	Numurs: 28452971	6	2	39	default_item.png	2020-05-11
491	223176499194	Bite - Numurs: 21625425		34	Bezlimita zvani un internets	Numurs: 21625425	6	1	40	default_item.png	2020-05-12
492	509805496107	Bite - Numurs: 24290750		34	Bezlimita zvani un internets	Numurs: 24290750	6	1	41	default_item.png	2020-05-13
493	798211308804	Bite - Numurs: 25817994		34	Bezlimita zvani un internets	Numurs: 25817994	6	1	42	default_item.png	2020-05-14
494	922235709232	Bite - Numurs: 23224017		34	Bezlimita zvani un internets	Numurs: 23224017	6	2	43	default_item.png	2020-05-15
495	989384844505	Tele2 - Numurs: 28799899		35	Bezlimita zvani un internets	Numurs: 28799899	6	1	44	default_item.png	2020-05-16
496	913380207783	Tele2 - Numurs: 22934757		35	Bezlimita zvani un internets	Numurs: 22934757	6	1	45	default_item.png	2020-05-17
497	525941663586	Tele2 - Numurs: 29914358		35	Bezlimita zvani un internets	Numurs: 29914358	6	1	46	default_item.png	2020-05-18
498	754188219358	Tele2 - Numurs: 27099053		35	Bezlimita zvani un internets	Numurs: 27099053	6	2	47	default_item.png	2020-05-19
499	732134704106	Tele2 - Numurs: 24629634		35	Bezlimita zvani un internets	Numurs: 24629634	6	1	48	default_item.png	2020-05-20
500	139694862383	Tele2 - Numurs: 27733411		35	Bezlimita zvani un internets	Numurs: 27733411	6	1	49	default_item.png	2020-05-21
501	885842994509	Tele2 - Numurs: 21982283		35	Bezlimita zvani un internets	Numurs: 21982283	6	1	50	default_item.png	2020-05-22
502	490109572910	Tele2 - Numurs: 26131863		35	Bezlimita zvani un internets	Numurs: 26131863	6	2	51	default_item.png	2020-05-23
503	122996990764	Tele2 - Numurs: 23668998		35	Bezlimita zvani un internets	Numurs: 23668998	6	1	52	default_item.png	2020-05-24
504	827327918456	Tele2 - Numurs: 23696349		35	Bezlimita zvani un internets	Numurs: 23696349	6	1	53	default_item.png	2020-05-25
505	293431588497	Tele2 - Numurs: 22662219		35	Bezlimita zvani un internets	Numurs: 22662219	6	1	54	default_item.png	2020-05-26
506	431438038457	Lmt - Numurs: 25973296		36	Bezlimita zvani un internets	Numurs: 25973296	6	2	55	default_item.png	2020-05-27
507	534868422692	Lmt - Numurs: 29632384		36	Bezlimita zvani un internets	Numurs: 29632384	6	1	56	default_item.png	2020-05-28
508	455053169014	Lmt - Numurs: 23949594		36	Bezlimita zvani un internets	Numurs: 23949594	6	1	57	default_item.png	2020-05-29
509	438096847881	Lmt - Numurs: 25484005		36	Bezlimita zvani un internets	Numurs: 25484005	6	1	58	default_item.png	2020-05-30
510	810196020757	Lmt - Numurs: 24942187		36	Bezlimita zvani un internets	Numurs: 24942187	6	2	59	default_item.png	2020-05-11
511	948809195471	Lmt - Numurs: 26862172		36	Bezlimita zvani un internets	Numurs: 26862172	6	1	60	default_item.png	2020-06-01
512	143447123719	Lmt - Numurs: 23263233		36	Bezlimita zvani un internets	Numurs: 23263233	6	1	61	default_item.png	2020-06-02
513	784934721792	Lmt - Numurs: 26299069		36	Bezlimita zvani un internets	Numurs: 26299069	6	1	62	default_item.png	2020-06-03
514	118944151012	Makerbot Replicator Mini+ Compact 3D Printer	PRNT71/17RR	56	Lēns	Ātri pārkarst	6	2	63	default_item.png	2020-06-04
515	351128446847	Makerbot Replicator Mini Compact 3D Printer	PRNT60/17RR	56	Ātri printē	Gaida konfigurāciju	6	1	64	default_item.png	2020-06-05
516	202311197774	Makerbot Replicator Desktop 3D Printer	PRNT57/58RR	56	Ātri printē	Gaida konfigurāciju	6	1	65	default_item.png	2020-06-06
517	342047608676	Makerbot Replicator 2X Experimental 3D Printer	PRNT54/53RR	56	Ātri printē	Gaida konfigurāciju	6	1	66	default_item.png	2020-06-07
518	156365373818	Makerbot Replicator 2 Desktop 3D Printer	PRNT65/40RR	56	Lēns	Ātri pārkarst	6	2	67	default_item.png	2020-06-08
519	187540498415	Makerbot Replicator	PRNT54/66RR	56	Ātri printē	Gaida konfigurāciju	6	1	68	default_item.png	2020-06-09
520	949737101499	Makerbot Cupcake CNC	PRNT77/3RR	56	Ātri printē	Gaida konfigurāciju	6	1	69	default_item.png	2020-06-10
521	873093359449	LulzBot TAZ	PRNT83/33RR	57	Ātri printē	Gaida konfigurāciju	6	1	70	default_item.png	2020-06-11
522	910820969508	Hyrel 3D System 30	PRNT89/67RR	58	Ātri printē	Gaida konfigurāciju	6	2	71	default_item.png	2020-06-12
523	615182174871	Hyrel 3D Engine	PRNT86/39RR	58	Pārāk daudz tērē materiālu	Gaida konfigurāciju	6	1	72	default_item.png	2020-06-13
524	762261718837	Fusion3 F410	PRNT91/2RR	59	Ātri printē	Gaida konfigurāciju	6	1	73	default_item.png	2020-06-14
525	316898107146	Fusion3 F306 - Single Extruder	PRNT86/62RR	59	Ātri printē	Gaida konfigurāciju	6	1	74	default_item.png	2020-06-15
526	364497247592	Fusion3 F306 - Dual Extruder	PRNT87/5RR	59	Ātri printē	Gaida konfigurāciju	6	2	75	default_item.png	2020-06-16
527	962148888539	Formlabs Form 1+[18]	PRNT67/3RR	60	Ātri printē	Gaida konfigurāciju	6	1	76	default_item.png	2020-06-17
528	769018519939	Formlabs Form 1	PRNT72/62RR	60	Ātri printē	Gaida konfigurāciju	6	1	77	default_item.png	2020-06-18
529	999337816586	HP LaserJet Pro P1102w	LARNT60/88HP	2			6	1	78	default_item.png	2020-06-19
530	111232791859	HP LaserJet Pro M402n	LARNT92/71HP	2			6	2	79	default_item.png	2020-06-20
531	653844680149	HP LaserJet Enterprise M553dn Printer	LARNT53/50HP	2		Iztīrīt ik pēc mēneša	6	1	80	default_item.png	2020-06-21
532	322300790349	HP LaserJet Pro P1102w	LARNT65/70HP	2		Iztīrīt ik pēc mēneša	6	1	81	default_item.png	2020-06-22
533	260689598063	HP LaserJet Pro M402n	LARNT79/70HP	2		Iztīrīt ik pēc mēneša	6	1	82	default_item.png	2020-06-23
534	482235986624	HP LaserJet Enterprise M553dn Printer	LARNT54/99HP	2	Ļoti labs un efektīvs	Iztīrīt ik pēc mēneša	6	2	83	default_item.png	2020-06-24
535	589269217886	HP LaserJet Pro P1102w	LARNT61/55HP	2	Ļoti labs un efektīvs	Iztīrīt ik pēc mēneša	6	1	84	default_item.png	2020-06-25
536	435140188097	HP LaserJet Pro M402n	LARNT77/20HP	2	Ļoti labs un efektīvs	Iztīrīt ik pēc mēneša	6	1	85	default_item.png	2020-06-26
537	434520538940	HP LaserJet Enterprise M553dn Printer	LARNT62/45HP	2	Ļoti labs un efektīvs	Iztīrīt ik pēc mēneša	6	1	86	default_item.png	2020-06-27
538	371677351403	HP LaserJet Pro P1102w	LARNT64/34HP	2	Ļoti labs un efektīvs	Iztīrīt ik pēc mēneša	6	2	87	default_item.png	2020-06-28
539	194842282724	PIXMA TS8370 	CNN70A/58P	48			6	1	88	default_item.png	2020-06-19
540	611966175461	PIXMA GM4070 	CNN74A/12P	48			6	1	89	default_item.png	2020-06-10
541	721520590708	WG7740 	CNN88A/95P	48			6	1	90	default_item.png	2020-07-01
542	193382148421	MAXIFY iB4170 	CNN87A/55P	48			6	2	91	default_item.png	2020-07-02
543	821024396819	imagePROGRAF PRO-500 	CNN84A/33P	48			6	1	92	default_item.png	2020-07-03
544	852561047773	PIXMA TS8370 	CNN56A/32P	48			6	1	93	default_item.png	2020-07-04
545	462672134141	PIXMA GM4070 	CNN83A/70P	48			6	1	94	default_item.png	2020-07-05
546	813586785868	WG7740 	CNN67A/37P	48			6	2	95	default_item.png	2020-07-06
547	404514183995	MAXIFY iB4170 	CNN56A/63P	48			6	1	96	default_item.png	2020-07-07
548	715658672273	imagePROGRAF PRO-500 	SYNC92-4	48			6	1	97	default_item.png	2020-07-08
549	772700386089	SyncPad54	SYNC63-9	26			6	1	98	default_item.png	2020-07-09
550	600523127482	SyncPad54	SYNC76-1	26			6	2	99	default_item.png	2020-07-10
551	371931013662	SyncPad54	SYNC51-1	26			6	1	100	default_item.png	2020-07-11
552	359433448524	SyncPad54	SYNC84-4	26			6	1	101	default_item.png	2020-07-12
553	982059727703	SyncPad54	SYNC91-3	26			6	1	102	default_item.png	2020-07-13
554	760155057085	ThunderSync16	THNC54-3-S	26			7	2	103	default_item.png	2020-07-14
555	212202963909	ThunderSync17	THNC56-7-S	26			7	1	104	default_item.png	2020-07-15
556	227622739514	ThunderSync18	THNC97-5-S	26			7	1	105	default_item.png	2020-07-16
557	788170893276	ThunderSync19	THNC54-7-S	26			7	1	106	default_item.png	2020-07-17
558	567753542746	ThunderSync20	THNC90-2-S	26			7	2	107	default_item.png	2020-07-18
559	432873308428	2 Port DVI VGA Dual Monitor KVM Switch USB with Audio & USB 2.0 Hub	SV231DDVDUA	61			7	1	108	default_item.png	2020-07-19
560	867990596470	2 Port DVI VGA Dual Monitor KVM Switch USB with Audio & USB 2.0 Hub	SV231DDVDUA	61			7	1	109	default_item.png	2020-07-20
561	317551151727	2 Port DVI VGA Dual Monitor KVM Switch USB with Audio & USB 2.0 Hub	SV231DDVDUA	61			7	1	110	default_item.png	2020-07-21
562	255190764681	2 Port DVI VGA Dual Monitor KVM Switch USB with Audio & USB 2.0 Hub	SV231DDVDUA	61			7	2	111	default_item.png	2020-07-22
563	923166252293	2 Port DVI VGA Dual Monitor KVM Switch USB with Audio & USB 2.0 Hub	SV231DDVDUA	61			7	1	112	default_item.png	2020-07-23
564	868659171480	BenQ TH681+	ID: 474026	41			7	1	113	default_item.png	2020-07-24
565	445613541377	Infocus IN2124x	IN2124x	62			7	1	114	default_item.png	2020-07-25
566	152165236194	Sony VPL-PHZ10	JMY114735900	20			7	2	115	default_item.png	2020-07-26
567	704369252885	Sony A1200 DLP projector 	MRMJMY1100	20			7	1	116	default_item.png	2020-03-01
568	931504647105	Sponge P-2	633632021794	63			7	1	117	default_item.png	2020-03-01
569	738801774934	Smart-UPS C 1500VA 2U LCD UPS	SMC1500I-2U	64			7	1	118	default_item.png	2020-03-01
570	792242986400	Smart-UPS C 1500VA 2U LCD UPS	SMC1500I-2U	64			7	2	119	default_item.png	2020-03-01
571	793986549786	Smart-UPS C 1500VA 2U LCD UPS	SMC1500I-2U	64			7	1	120	default_item.png	2020-03-01
572	692624635813	Smart-UPS C 1500VA 2U LCD UPS	SMC1500I-2U	64			7	1	121	default_item.png	2020-03-01
573	188480903612	Smart-UPS C 1500VA 2U LCD UPS	SMC1500I-2U	64			7	1	122	default_item.png	2020-03-01
574	479494699867	Smart-UPS C 1500VA 2U LCD UPS	SMC1500I-2U	64			7	2	123	default_item.png	2020-03-01
575	827910393865	Smart-UPS C 1500VA 2U LCD UPS	SMC1500I-2U	64			7	1	124	default_item.png	2020-03-01
576	784312389027	Smart-UPS C 1500VA 2U LCD UPS	SMC1500I-2U	64			7	1	125	default_item.png	2020-03-01
577	591695411712	Smart-UPS C 1500VA 2U LCD UPS	SMC1500I-2U	64			7	1	126	default_item.png	2020-03-01
578	358261856442	Smart-UPS C 1500VA 2U LCD UPS	SMC1500I-2U	64			7	2	127	default_item.png	2020-03-01
579	374447503006	Smart-UPS C 1500VA 2U LCD UPS	SMC1500I-2U	64			7	1	128	default_item.png	2020-03-01
580	189214139867	Monsoon Power Monitor	FTA22D	29			7	1	129	default_item.png	2020-03-01
581	291122053040	Monsoon Power Monitor	FTA22D	29			7	1	130	default_item.png	2020-03-01
582	435682468400	Monsoon Power Monitor	FTA22D	29			7	2	131	default_item.png	2020-03-01
583	404523476923	Monsoon Power Monitor	FTA22D	29			7	1	132	default_item.png	2020-03-01
584	459526212441	Monsoon Power Monitor	FTA22D	29			7	1	133	default_item.png	2020-03-01
585	671694944954	Wacom Intuos Pro Medium 	PTH-651-K 	28			7	1	134	default_item.png	2020-03-01
586	171349921127	Wacom Intuos Pro Medium 	PTH-651-K 	28			7	2	135	default_item.png	2020-03-01
587	856929155079	Wacom Intuos Pro Medium 	PTH-651-K 	28			7	1	136	default_item.png	2020-03-01
588	273165014795	Wacom Intuos Pro Medium 	PTH-651-K 	28			7	1	137	default_item.png	2020-03-01
589	341621579016	Wacom Intuos Pro Medium 	PTH-651-K 	28			8	1	138	default_item.png	2020-03-01
590	790967691049	USRP B200 SDR Kit - Single Channel Transceiver (70 MHz - 6GHz) 	782980-01 	49			8	2	139	default_item.png	2020-03-01
591	234795472865	USRP B200 SDR Kit - Single Channel Transceiver (70 MHz - 6GHz) 	782980-01 	49			8	1	140	default_item.png	2020-03-01
592	417147505350	USRP B200 SDR Kit - Single Channel Transceiver (70 MHz - 6GHz) 	782980-01 	49			8	1	141	default_item.png	2020-03-01
593	880585861361	USRP B200 SDR Kit - Single Channel Transceiver (70 MHz - 6GHz) 	782980-01 	49			8	1	142	default_item.png	2020-03-01
594	325175014508	USRP B200 SDR Kit - Single Channel Transceiver (70 MHz - 6GHz) 	782980-01 	49			8	2	143	default_item.png	2020-03-01
595	187826459013	CCR1036-12G-4S-EM	CCR1036	43			8	1	144	default_item.png	2020-03-01
596	185392256936	CCR1036-12G-4S-EM	CCR1037	43			8	1	145	default_item.png	2020-03-01
597	997662160609	CCR1036-12G-4S-EM	CCR1038	43			8	1	146	default_item.png	2020-03-01
598	501220287364	CCR1036-12G-4S-EM	CCR1039	43			8	2		default_item.png	2020-03-01
599	136824182374	CCR1036-12G-4S-EM	CCR1040	43			8	1		default_item.png	2020-03-01
600	468964070319	CCR1036-12G-4S-EM	CCR1041	43			8	1		default_item.png	2020-03-01
601	250848922312	CCR1036-12G-4S-EM	CCR1042	43			8	1		default_item.png	2020-03-01
602	833978215113	CCR1036-12G-4S-EM	CCR1043	43			8	2		default_item.png	2020-03-01
603	241753757436	CCR1036-12G-4S-EM	CCR1044	43			8	1		default_item.png	2020-03-01
604	882719633775	CCR1036-12G-4S-EM	CCR1045	43			8	1		default_item.png	2020-03-02
605	513351585362	RB4011iGS+5HacQ2HnD-IN	11iGS+5HacQ2	43			8	1		default_item.png	2020-03-03
606	267035363361	RB4011iGS+5HacQ2HnD-IN	11iGS+5HacQ2	43			8	2		default_item.png	2020-03-04
607	832805473994	RB4011iGS+5HacQ2HnD-IN	11iGS+5HacQ2	43			8	1		default_item.png	2020-03-05
608	714823307324	RB4011iGS+5HacQ2HnD-IN	11iGS+5HacQ2	43			8	1		default_item.png	2020-03-06
609	336917773986	RB4011iGS+5HacQ2HnD-IN	11iGS+5HacQ2	43			8	1		default_item.png	2020-03-07
610	366145761366	RB4011iGS+5HacQ2HnD-IN	11iGS+5HacQ2	43			8	2		default_item.png	2020-03-08
611	133267870659	RB4011iGS+5HacQ2HnD-IN	11iGS+5HacQ2	43			8	1		default_item.png	2020-03-09
612	324237515580	RB4011iGS+5HacQ2HnD-IN	11iGS+5HacQ2	43			8	1		default_item.png	2020-03-10
613	188361647826	RB4011iGS+5HacQ2HnD-IN	11iGS+5HacQ2	43			8	1		default_item.png	2020-03-11
614	440312350648	RB4011iGS+5HacQ2HnD-IN	11iGS+5HacQ2	43			8	2		default_item.png	2020-03-12
